gender,avatarUrl
FEMALE,https://static.topcv.vn/avatars/Y6xJPcBrldrmvc2dUFqY_6173eeba69e50_cvtpl.jpg
FEMALE,https://static.topcv.vn/avatars/zZu1RqlxbCIEAz38jPBm_6056d2b6060b3_cvtpl.jpg
FEMALE,https://static.topcv.vn/avatars/FzMH6rrgNQPhb1bFKkmy_6236c2a46af2b_cvtpl.jpg
FEMALE,https://static.topcv.vn/avatars/0139f35fe16029bbab84729452b230c4-623923e61659a.jpg
FEMALE,https://static.topcv.vn/avatars/GAVZmJHn13HuJtWkIt8R_623ae5627535d_cvtpl.jpg
FEMALE,https://static.topcv.vn/avatars/V9TNuNMAOhoCazs3OkfP_623ae55acf010_cvtpl.jpg
MALE,https://static.topcv.vn/avatars/IwRLVs2tq7QO81dKJrUf_62349dadb1aae_cvtpl.jpg
FEMALE,https://static.topcv.vn/avatars/MeRg6p0IEjtEvK6pLden_61c442fd510a6_cvtpl.jpg
MALE,https://static.topcv.vn/avatars/GeI4ShqXqBcUN89diiop_5fe1bd7feec51_cvtpl.jpg
FEMALE,https://static.topcv.vn/avatars/iHbTqHhkmWF2UwWREwyd_6207db8a70bd1_cvtpl.jpg
MALE,https://static.topcv.vn/avatars/h2XfnPigpctMBE6lW7ah_623ad51813191_cvtpl.jpg
MALE,https://static.topcv.vn/avatars/3I86e2DrP4x5LIZVnuwx_623ae91b4eff8_cvtpl.jpg
MALE,https://static.topcv.vn/avatars/NBeJXyoWh3w5aEeNNo4Z_623ae4afe1ec3_cvtpl.jpg
FEMALE,https://static.topcv.vn/avatars/4oYFNW1W8f6LABeWREQ9_5a25faa2b4acb_cvtpl.jpg
FEMALE,https://static.topcv.vn/avatars/9ejj9nBQRpFQo0n05Kna_623ae6a00c4ed_cvtpl.jpg
MALE,https://static.topcv.vn/avatars/rFgAfBGoFZaMbOxYT4cm_623a92d33ccc4_cvtpl.jpg
MALE,https://static.topcv.vn/avatars/854LAEggYY6SJMQprdlB_605ac7bb91cf4_cvtpl.jpg
FEMALE,https://static.topcv.vn/avatars/RsPx3SOBMiaS2ocM4WG4_623adfa09c52b_cvtpl.jpg
FEMALE,https://static.topcv.vn/avatars/yk5EvptXNFE4gdafwxyi_62048eb1d9d70_cvtpl.jpg
FEMALE,https://static.topcv.vn/avatars/xSTax6zv3XoFghFAwsBV_6166ab1ce46fd_cvtpl.jpg
FEMALE,https://static.topcv.vn/avatars/hJTZrpwc9blamnxyWrf6_621a14b04d203_cvtpl.jpg
FEMALE,https://static.topcv.vn/avatars/YJWcA1q3PYd9RPM1VjtI_62184e366289f_cvtpl.jpg
FEMALE,https://static.topcv.vn/avatars/okwPlvc6uE4Hrk9lO3dJ_6239c71c78d0c_cvtpl.jpg
FEMALE,https://static.topcv.vn/avatars/87jHspV93hbu6areyI6e_623ae8d74f9e9_cvtpl.jpg
FEMALE,https://static.topcv.vn/avatars/YriAmcrFm99COcH1XHSC_623ae57851b4f_cvtpl.jpg
FEMALE,https://static.topcv.vn/avatars/b4b62ced07f790264b70f8f0523e713f-6239f0baeb92a.jpg
FEMALE,https://static.topcv.vn/avatars/eNRFW899yD7JUrNxPg43_62342c8551105_cvtpl.jpg
FEMALE,https://static.topcv.vn/avatars/fUTYwIbVqq0WVyyHG5La_62304778c3847_cvtpl.jpg
FEMALE,https://static.topcv.vn/avatars/QsSISDbK47Wcao8WL8XA_5cebf6c7e7ebf_cvtpl.jpg
FEMALE,https://static.topcv.vn/avatars/2zlTBlhbenI344QhS37Y_618a856d00764_cvtpl.jpg
FEMALE,https://static.topcv.vn/avatars/9B54jMaGQKhKYledIrl2_623ad8f5293c6_cvtpl.jpg
FEMALE,https://static.topcv.vn/avatars/DkfKPkD3fyAF73uviCSV_5fcc6b1b8c260_cvtpl.jpg
FEMALE,https://static.topcv.vn/avatars/oFEYhGv9L3YRj2fhUEEH_623ae342e82c4_cvtpl.jpg
MALE,https://static.topcv.vn/avatars/zt0CqI7cgO6UHPnfQUEL_623aa8c14eb80_cvtpl.jpg
FEMALE,https://static.topcv.vn/avatars/qhqOAHi6v6Toh09PlrDT_62341b96c7927_cvtpl.jpg
MALE,https://static.topcv.vn/avatars/6nDzqDYBBKiGDWxvWqDm_623ae8b70b28a_cvtpl.jpg
FEMALE,https://static.topcv.vn/avatars/RMqEZghlpvfPPpa7vHVo_62347339d8d73_cvtpl.jpg
MALE,https://static.topcv.vn/avatars/4Dljj6fkyctAM6dlZls3_623adafe80755_cvtpl.jpg
MALE,https://static.topcv.vn/avatars/2TYAp2tpzgJoiANqNQb7_623ae8590bbd3_cvtpl.jpg
FEMALE,https://static.topcv.vn/avatars/nVxmGJH893z3ysWpeIOr_61716d0e8187d_cvtpl.jpg
FEMALE,https://static.topcv.vn/avatars/NWweaX8ZnuiW07OVKcqL_6223599153ae6_cvtpl.jpg
FEMALE,https://static.topcv.vn/avatars/ZnTH84Da3imqyUeB8Ld4_60409ea86c5ae_cvtpl.jpg
MALE,https://static.topcv.vn/avatars/4UDtdJUBemYS6FANWcYS_61b0a2b6c466c_cvtpl.jpg
FEMALE,https://static.topcv.vn/avatars/wTD1p4zwCWORqPVGq74M_623ae0eb22eed_cvtpl.jpg
MALE,https://static.topcv.vn/avatars/rvpAJnxwTzERwgIxK8n3_623ae8a1c02bc_cvtpl.jpg
FEMALE,https://static.topcv.vn/avatars/FahV8Txrun6XX7sQZk1W_62319becb0ab3_cvtpl.jpg
FEMALE,https://static.topcv.vn/avatars/C3IuZ24ew81AqOPK0R3N_5ef8a83a11cc5_cvtpl.jpg
FEMALE,https://static.topcv.vn/avatars/cM8GXmhzWslc0z2bquZd_5f33b55aacd34_cvtpl.jpg
FEMALE,https://static.topcv.vn/avatars/YriAmcrFm99COcH1XHSC_623ae57851b4f_cvtpl.jpg
FEMALE,https://static.topcv.vn/avatars/x16PxXufkqY4bRHde74B_623ae85959e94_cvtpl.jpg
FEMALE,https://static.topcv.vn/avatars/FLR9ByqWJRGuwN1pinOU_623ae4f3f2e10_cvtpl.jpg
MALE,https://static.topcv.vn/avatars/IxURK57Gk8u1CMW72GOe_6156ff477bed6_cvtpl.jpg
MALE,https://static.topcv.vn/avatars/JH6viMICJDDFvkfYN3k8_60ebcc4b3add3_cvtpl.jpg
FEMALE,https://static.topcv.vn/avatars/x70dDYplz5AGCTNHt7Qg_623ade1f7388e_cvtpl.jpg
FEMALE,https://static.topcv.vn/avatars/TuAbrsAKvYSoCJjQwEzT_623ade6e44c30_cvtpl.jpg
MALE,https://static.topcv.vn/avatars/1r0CikODKtSl2DgPu84j_623ae1209d7ae_cvtpl.jpg
MALE,https://static.topcv.vn/avatars/JpYZ3YIypJGmV1F4JG2m_6164fdec744cb_cvtpl.jpg
FEMALE,https://static.topcv.vn/avatars/9B54jMaGQKhKYledIrl2_623ad8f5293c6_cvtpl.jpg
FEMALE,https://static.topcv.vn/avatars/4lASgUid3e1uyHOBGUmr_623ae876676f6_cvtpl.jpg
MALE,https://static.topcv.vn/avatars/0joHWBKUrUpp37my3x8f_61e2a4f8c7acd_cvtpl.jpg
FEMALE,https://static.topcv.vn/avatars/H5QjEvKv3W031pBqLowv_610f8e31374f9_cvtpl.jpg
FEMALE,https://static.topcv.vn/avatars/9EDjhhZ8s5sRuG2ZZuij_623ae80653e2d_cvtpl.jpg
FEMALE,https://static.topcv.vn/avatars/FFoj8NQPhq4NBACB4vQY_6238480c71924_cvtpl.jpg
MALE,https://static.topcv.vn/avatars/dTdohCAIVn7T09q4WxRv_623ad743128c2_cvtpl.jpg
MALE,https://static.topcv.vn/avatars/YBef2MAY37nORULYozPo_623adc3e5aff0_cvtpl.jpg
MALE,https://static.topcv.vn/avatars/CeYRypD8BxzpAhHm5y5A_605b59e1175ec_cvtpl.jpg
FEMALE,https://static.topcv.vn/avatars/ER8yFWCWii0Q9ZlLjPDy_62389bea88c7f_cvtpl.jpg
FEMALE,https://static.topcv.vn/avatars/0KavlQZzPPRBFo1aDsEk_6239e9e5d1004_cvtpl.jpg
FEMALE,https://static.topcv.vn/avatars/lEmSkYnZzzeSTM47DkrB_5fab58d592f29_cvtpl.jpg
FEMALE,https://static.topcv.vn/avatars/XZINT6Yt4U7UiZyTu9sR_623ae62da6408_cvtpl.jpg
FEMALE,https://static.topcv.vn/avatars/hJTZrpwc9blamnxyWrf6_621a14b04d203_cvtpl.jpg
FEMALE,https://static.topcv.vn/avatars/YriAmcrFm99COcH1XHSC_623ae57851b4f_cvtpl.jpg
FEMALE,https://static.topcv.vn/avatars/kzZ7aDbGpIwtnEHlm9Oh_6238522535dfd_cvtpl.jpg
FEMALE,https://static.topcv.vn/avatars/FQucAOoiqY2LCrTALjsr_623ae20fdc0a5_cvtpl.jpg
MALE,https://static.topcv.vn/avatars/P0W4dXxnOzs4iZi1yrg3_62315d965a177_cvtpl.jpg
FEMALE,https://static.topcv.vn/avatars/H8V4jRh0yhvzBHHmP4we_60cdb2a460a7b_cvtpl.jpg
FEMALE,https://static.topcv.vn/avatars/a1yoyvsG0UjII0wt1dod_62353b3c320d0_cvtpl.jpg
MALE,https://static.topcv.vn/avatars/3e1k0Q1nCG4GqhXmv9dU_6239ddd7e15f5_cvtpl.jpg
FEMALE,https://static.topcv.vn/avatars/UsXch6fRgtR0yhRVecbC_623ae61ecf8d2_cvtpl.jpg
MALE,https://static.topcv.vn/avatars/FKy6ysWoMcdt4bxjJEUi_5fa29b37663ed_cvtpl.jpg
MALE,https://static.topcv.vn/avatars/a7caa0801d82127e174db4e155d14a91-6219070d5595f.jpg
FEMALE,https://static.topcv.vn/avatars/GuYxaTIDymbHxgERUL6j_606a7406890c3_cvtpl.jpg
FEMALE,https://static.topcv.vn/avatars/4J6x5aICz4U4qxGnjCri_623ae5cc65b58_cvtpl.jpg
FEMALE,https://static.topcv.vn/avatars/eWLFh9yuAoo8FBwh7t9n_623ade7863706_cvtpl.jpg
FEMALE,https://static.topcv.vn/avatars/rwSD7vGhlK5cQUhWkvBS_623ade9e98dfa_cvtpl.jpg
FEMALE,https://static.topcv.vn/avatars/AM79tbzLtHZe22gh6cef_623ae5d40ffa9_cvtpl.jpg
FEMALE,https://static.topcv.vn/avatars/GBPEHizkNGI5yIDRj0By_5f0d2d8848edc_cvtpl.jpg
FEMALE,https://static.topcv.vn/avatars/c5dee17acd32fbc2b63a433d3caf80c3-623addc561efa.jpg
FEMALE,https://static.topcv.vn/avatars/CaZAhuDZgCg3wXVYRy7i_622c3a57aa7a3_cvtpl.jpg
FEMALE,https://static.topcv.vn/avatars/ss9czjiyTQLqy8AYK3wp_623ae74048756_cvtpl.jpg
FEMALE,https://static.topcv.vn/avatars/YoImbMHENXZncPVKNDv8_622ae0bd65627_cvtpl.jpg
FEMALE,https://static.topcv.vn/avatars/7E6Vp5ifD0xAfG5Mrpmw_619794be6819f_cvtpl.jpg
MALE,https://static.topcv.vn/avatars/OZ0GJSXWhcqdOBY88uTW_5f487d7627920_cvtpl.jpg
FEMALE,https://static.topcv.vn/avatars/6dJj6qrCHXJZbyKfQ7Bg_6221ded8bc6b5_cvtpl.jpg
MALE,https://static.topcv.vn/avatars/sW3EpZlNk0Exm37jwodq_623adad37ba77_cvtpl.jpg
FEMALE,https://static.topcv.vn/avatars/WyvJHfXiduGvplE6iC6k_623ae7b1e5868_cvtpl.jpg
MALE,https://static.topcv.vn/avatars/lL9lhctKXdmM0VZASLpj_623ae637587d6_cvtpl.jpg
FEMALE,https://static.topcv.vn/avatars/kzZ7aDbGpIwtnEHlm9Oh_6238522535dfd_cvtpl.jpg
FEMALE,https://static.topcv.vn/avatars/8yQBdfeAyoNQJH3IsPHt_6114e65cf0944_cvtpl.jpg
MALE,https://static.topcv.vn/avatars/ZiUz9lmj1dGmwv3O3VQw_623a0f846551b_cvtpl.jpg
FEMALE,https://static.topcv.vn/avatars/oIWKrz6kdUwp4jrjoCpN_623ac5bc6714b_cvtpl.jpg
FEMALE,https://static.topcv.vn/avatars/J7W9zq6ALjUclQgXI8k5_6214aa1c8868f_cvtpl.jpg
FEMALE,https://static.topcv.vn/avatars/LZApbnJMO0JwzZLyeZZ3_6237feffefca5_cvtpl.jpg
MALE,https://static.topcv.vn/avatars/f2FcAaMBGToZwpdsUkDi_623a3493402c4_cvtpl.jpg
FEMALE,https://static.topcv.vn/avatars/NRkNGhOunM9JKh8xgFWT_5f6399157727e_cvtpl.jpg
MALE,https://static.topcv.vn/avatars/cPJ2E2owh5l9eWUoU6jo_623810c6216de_cvtpl.jpg
FEMALE,https://static.topcv.vn/avatars/UxB0vN9Y2kGnftoJXuZs_61aebda27e71f_cvtpl.jpg
MALE,https://static.topcv.vn/avatars/DFOGwkZBhVMUWfx2lASr_62399847d77d8_cvtpl.jpg
FEMALE,https://static.topcv.vn/avatars/zTbvHRZUdJTzfhjMvkRT_6232bd9c96738_cvtpl.jpg
FEMALE,https://static.topcv.vn/avatars/pZRHVWkW3Dg8Wvfoj3EW_60ade8652f8aa_cvtpl.jpg
MALE,https://static.topcv.vn/avatars/A3bjqeR7kJuO2iVTpYL6_620667752f21d_cvtpl.jpg
FEMALE,https://static.topcv.vn/avatars/I7UB1IkpwVVuiSmuk4vw_616f80d619eb6_cvtpl.jpg
FEMALE,https://static.topcv.vn/avatars/5EcDCB1YW3Zj4XkP2odM_623ae2764ee03_cvtpl.jpg
MALE,https://static.topcv.vn/avatars/rHnopsDcCNSCpj9bZKUb_622ebd8eebf79_cvtpl.jpg
MALE,https://static.topcv.vn/avatars/PBCnzR38rG4fLk8MUfdY_623ae658a1ad5_cvtpl.jpg
MALE,https://static.topcv.vn/avatars/ZjL2U4LpkC2WMTJ2XKiE_623ae0869a3aa_cvtpl.jpg
FEMALE,https://static.topcv.vn/avatars/7CPbAxHpD8JvhnDIqVyw_5f2bf4c47700c_cvtpl.jpg
MALE,https://static.topcv.vn/avatars/M3jrKs0BAt2FkHsxTH9s_623ae7a2e1047_cvtpl.jpg
FEMALE,https://static.topcv.vn/avatars/zcsJ4JfeK7rGsP59xH3I_61334a8550162_cvtpl.jpg
MALE,https://static.topcv.vn/avatars/vURReyx8iGSExPJNMjGo_6090e1dee34bc_cvtpl.jpg
MALE,https://static.topcv.vn/avatars/Ch1Q8TxcRRwN1rqWvo0M_623ae59ec65a2_cvtpl.jpg
FEMALE,https://static.topcv.vn/avatars/4FY3T1sIlZ0pIWeP1byE_61417c7c6da84_cvtpl.jpg
FEMALE,https://static.topcv.vn/avatars/sq2nJymruvy23RcCb0BA_623ae79a65cc0_cvtpl.jpg
FEMALE,https://static.topcv.vn/avatars/yhutkBDPulUAgfMp1nqd_623ac056089ec_cvtpl.jpg
FEMALE,https://static.topcv.vn/avatars/ieNUHChHUL7rb07qTJdt_5fc7e5fa442dd_cvtpl.jpg
FEMALE,https://static.topcv.vn/avatars/61bcaa07c4116452b38fdde422321030-62384e3c9bba8.jpg
FEMALE,https://static.topcv.vn/avatars/pkSvbZKZdM6bYpEzlxsR_60a785e4b999a_cvtpl.jpg
FEMALE,https://static.topcv.vn/avatars/8iottBEE035YC87S9Db6_61382b24e0abf_cvtpl.jpg
MALE,https://static.topcv.vn/avatars/4mWmTK7j8YXZniBl4nRx_600552d78fc0a_cvtpl.jpg
FEMALE,https://static.topcv.vn/avatars/cn90DN3iIpXM7tyPejOT_6218b04ac6ede_cvtpl.jpg
MALE,https://static.topcv.vn/avatars/r68fHlirLRQLgwmjQW5F_623ae76f821fc_cvtpl.jpg
FEMALE,https://static.topcv.vn/avatars/orYb3A7tIwDNSWRm5aPX_623ac6f3daee1_cvtpl.jpg
MALE,https://static.topcv.vn/avatars/EqktiFD2gA6CjJdLjRaT_623ae34a6acb1_cvtpl.jpg
FEMALE,https://static.topcv.vn/avatars/4wi16IzgX9eNSIMJu5BN_613b670674ed4_cvtpl.jpg
MALE,https://static.topcv.vn/avatars/2eElbAqXMDC7epZjrkHs_61683476e0cf6_cvtpl.jpg
MALE,https://static.topcv.vn/avatars/mEFppZDuuBzwfRzdAaKv_623ae6ce2c9c0_cvtpl.jpg
MALE,https://static.topcv.vn/avatars/xNxMXeg4DfdYjVHwi6le_6233fd9e7588e_cvtpl.jpg
FEMALE,https://static.topcv.vn/avatars/eDpfJP8R4K8NCXOUSvRO_5ed90862ae27f_cvtpl.jpg
FEMALE,https://static.topcv.vn/avatars/63JOcb38HnZle6yGp59w_623ae75a96e34_cvtpl.jpg
FEMALE,https://static.topcv.vn/avatars/6FXIfv67aEg1jDggw0Sq_623ae45e7b5ca_cvtpl.jpg
FEMALE,https://static.topcv.vn/avatars/D8IsiFuzMwQo7pGCSK28_61c74d7a50a74_cvtpl.jpg
FEMALE,https://static.topcv.vn/avatars/dOqSvj87ZJbW7FhrGJIb_5fa6cb5561559_cvtpl.jpg
MALE,https://static.topcv.vn/avatars/8IMKbl8DY9q2jf27ZRgX_623ad5b76d868_cvtpl.jpg
MALE,https://static.topcv.vn/avatars/H9EFg70MPuWlCiq4nEdW_62358cf94afa2_cvtpl.jpg
FEMALE,https://static.topcv.vn/avatars/HT5cn8urP1B6z8T2DSVl_623ae44bae37f_cvtpl.jpg
FEMALE,https://static.topcv.vn/avatars/kUHYriAK8LIDhQgkdTSl_62277c8554a46_cvtpl.jpg
MALE,https://static.topcv.vn/avatars/vt1CVVfdJXjo4cHOU0PD_603e4f9d65350_cvtpl.jpg
MALE,https://static.topcv.vn/avatars/cVrweroZeUJ79ZLrqUzl_6231b807c3893_cvtpl.jpg
MALE,https://static.topcv.vn/avatars/knbMam13IETkMgdadd3B_623a8d0aacad8_cvtpl.jpg
FEMALE,https://static.topcv.vn/avatars/6T9AONfsfcVY86XSveFr_62383c3088147_cvtpl.jpg
MALE,https://static.topcv.vn/avatars/mrPBOJcbMtpj0z5kNzNO_6239fd08a4e92_cvtpl.jpg
MALE,https://static.topcv.vn/avatars/zhPvOU3ZfB8boAjWoINS_5f3a3b50cd411_cvtpl.jpg
MALE,https://static.topcv.vn/avatars/gIzZxlndKMc8nKo0yixa_6236eb7443c6f_cvtpl.jpg
FEMALE,https://static.topcv.vn/avatars/A5Q9EQAFqX0ZE8KqoDAT_5c48a7f2b0d9c_cvtpl.jpg
MALE,https://static.topcv.vn/avatars/a11FnnBtR6u3ZRGY6CHR_6235a8b7aeb33_cvtpl.jpg
FEMALE,https://static.topcv.vn/avatars/ubQPURccEzQ9SSOl0vyk_6234a8a7801f5_cvtpl.jpg
FEMALE,https://static.topcv.vn/avatars/Yj2bDCxUM3ZqW0N7jUrd_5f237ec59e089_cvtpl.jpg
FEMALE,https://static.topcv.vn/avatars/SSf2HfHnpMinfeyD61Bu_623ad607436cc_cvtpl.jpg
MALE,https://static.topcv.vn/avatars/mveXypRKHA373sGy5qNH_623abe6e42953_cvtpl.jpg
FEMALE,https://static.topcv.vn/avatars/iXj33Y9D8sMIpSfL7u5K_61fe871667adb_cvtpl.jpg
FEMALE,https://static.topcv.vn/avatars/5xviQgKzXTxup27xwKGC_623adadc8caa7_cvtpl.jpg
FEMALE,https://static.topcv.vn/avatars/EbyRDoOWnBUNlis9rtQ1_623adf2599feb_cvtpl.jpg
FEMALE,https://static.topcv.vn/avatars/AuM0594S4YQZ32W6ywi0_623ae461ccbd7_cvtpl.jpg
FEMALE,https://static.topcv.vn/avatars/vUUNX3jAn2dJU9j6IliV_623ae6028b1a3_cvtpl.jpg
FEMALE,https://static.topcv.vn/avatars/3IppzIlsF1a7DBLmSglm_6059e896c9b7e_cvtpl.jpg
FEMALE,https://static.topcv.vn/avatars/dAM8MggAtOjuMmR99do3_623ae6dab5a0a_cvtpl.jpg
FEMALE,https://static.topcv.vn/avatars/b0YzxxeiVVBFGXe7Vd2F_620c6eda07739_cvtpl.jpg
MALE,https://static.topcv.vn/avatars/Wo1sNCLHhUJ7iEtmF9F8_623acf50731d9_cvtpl.jpg
MALE,https://static.topcv.vn/avatars/bc3a541709c4503d197463df9b30a95b-623202b7ab756.jpg
FEMALE,https://static.topcv.vn/avatars/bwDKkA6lqGFUBwB0lIf9_5efc291724f4d_cvtpl.jpg
FEMALE,https://static.topcv.vn/avatars/W97X1B2VOcbu6elcs6lm_6214c22600611_cvtpl.jpg
FEMALE,https://static.topcv.vn/avatars/Yl8ZvmlXQE4BpPX1w2nt_62335ee73554e_cvtpl.jpg
FEMALE,https://static.topcv.vn/avatars/WJ5cI6wtS0On62XM2MVF_623a96973c979_cvtpl.jpg
FEMALE,https://static.topcv.vn/avatars/f1hYt3n2Ciw3WSYQo3nl_623ae6c8aa2ed_cvtpl.jpg
FEMALE,https://static.topcv.vn/avatars/rMs0SBwRNSsm3BnWPtni_623ae649339e6_cvtpl.jpg
FEMALE,https://static.topcv.vn/avatars/U9j8HQHOwefPLcnlmmuz_622725047fc2c_cvtpl.jpg
MALE,https://static.topcv.vn/avatars/kzmmF4QQZL7xepdziM8K_623ae3c4d6ee4_cvtpl.jpg
FEMALE,https://static.topcv.vn/avatars/tsA1VjThaTNpgAUxor8M_623ae5c4d70c3_cvtpl.jpg
MALE,https://static.topcv.vn/avatars/uikjJrBC3JsWSlfsiok8_623ae2a1222ef_cvtpl.jpg
FEMALE,https://static.topcv.vn/avatars/jC950RfnuhsvoutQ2w8t_5f8650c1e37d1_cvtpl.jpg
MALE,https://static.topcv.vn/avatars/c3gCKLBEH6mnoSiwM3Ys_623ae1b77928c_cvtpl.jpg
FEMALE,https://static.topcv.vn/avatars/VVkuE00mHqzz5uzTKsjF_62394d741dc9e_cvtpl.jpg
MALE,https://static.topcv.vn/avatars/euLhGaw65pcXnaiJdG9r_6239f720c99aa_cvtpl.jpg
FEMALE,https://static.topcv.vn/avatars/VYXfVplMiE6LbRjbln1R_60b747415ccfe_cvtpl.jpg
FEMALE,https://static.topcv.vn/avatars/Dl03ZMo1o7TtXA4mB79W_623ad0f886958_cvtpl.jpg
MALE,https://static.topcv.vn/avatars/Er154PXYtNVYJrx1ruQR_606dbe6d876b8_cvtpl.jpg
FEMALE,https://static.topcv.vn/avatars/KdJU9uAj7idz89xRti3j_623ae6b94e761_cvtpl.jpg
MALE,https://static.topcv.vn/avatars/c3gCKLBEH6mnoSiwM3Ys_623ae1b77928c_cvtpl.jpg
FEMALE,https://static.topcv.vn/avatars/e6fC9fsWxH1rElws13eL_623ae4c20e9cf_cvtpl.jpg
FEMALE,https://static.topcv.vn/avatars/FoGMZOB8U9LqoErNR0h2_617baa93967eb_cvtpl.jpg
FEMALE,https://static.topcv.vn/avatars/2fNZZWW3pqxQp6yXvpOw_5d16303251c77_cvtpl.jpg
FEMALE,https://static.topcv.vn/avatars/sIWqqOjhXwJLrqQpratF_623ae5613be94_cvtpl.jpg
FEMALE,https://static.topcv.vn/avatars/4GaoMbX8XtbI9LRrY2Sa_6163af78742c4_cvtpl.jpg
FEMALE,https://static.topcv.vn/avatars/Lldv8ZarrKSY19lUGhEL_61d7b672acdf5_cvtpl.jpg
FEMALE,https://static.topcv.vn/avatars/yr3KHrvgSwaIDbs00Y7r_5cc84ad91a3bc_cvtpl.jpg
MALE,https://static.topcv.vn/avatars/5X2YyO4gY6mFWYVm8o8T_600ee6799a321_cvtpl.jpg
MALE,https://static.topcv.vn/avatars/lDVomoXwSoCGtaZ4TWG9_5b5af4853c26f_cvtpl.jpg
FEMALE,https://static.topcv.vn/avatars/gEorD7uTRP2MHHoKDTaX_62066470e8d0e_cvtpl.jpg
MALE,https://static.topcv.vn/avatars/ARY9FmpgB6r6ZRBpD0Os_623ad0786b46f_cvtpl.jpg
FEMALE,https://static.topcv.vn/avatars/y5XeQwm40ETfp0M9ISed_620487160c80c_cvtpl.jpg
FEMALE,https://static.topcv.vn/avatars/49Fp1BvE0OIc9231S2Nb_621d9623d0476_cvtpl.jpg
MALE,https://static.topcv.vn/avatars/1pTqtak9PYnKzigOKTky_619c9951141bc_cvtpl.jpg
FEMALE,https://static.topcv.vn/avatars/yfC9r4ThuAIExGCvKuoR_5f8fabfac9c44_cvtpl.jpg
FEMALE,https://static.topcv.vn/avatars/75rxifqlzew6EDVOayQP_60a6888c416d9_cvtpl.jpg
FEMALE,https://static.topcv.vn/avatars/yfC9r4ThuAIExGCvKuoR_5f8fabfac9c44_cvtpl.jpg
MALE,https://static.topcv.vn/avatars/DJE11NzDTtwxpeUDWSZC_604109c3c7496_cvtpl.jpg
MALE,https://static.topcv.vn/avatars/Dgd5kl7WMSs5p4rv1QHx_59644116ecec1_cvtpl.jpg
FEMALE,https://static.topcv.vn/avatars/xtxxOMNbKZrttPRsNYRX_6239f69b64102_cvtpl.jpg
FEMALE,https://static.topcv.vn/avatars/hDSXTo4NDy91hlYLYMdG_6229b33729674_cvtpl.jpg
FEMALE,https://static.topcv.vn/avatars/2umcZPdfMEgRQhJHZDzO_621757b37855e_cvtpl.jpg
FEMALE,https://static.topcv.vn/avatars/S1pHyUxUtyiAdxIcWRSJ_5b55d3f2117aa_cvtpl.jpg
FEMALE,https://static.topcv.vn/avatars/kJ4kXc6KiHCXfFJcvjkg_5cd64656cf449_cvtpl.jpg
MALE,https://static.topcv.vn/avatars/hs52Hfy4OAzQhooB1XCi_623ae48a75a1c_cvtpl.jpg
MALE,https://static.topcv.vn/avatars/mjX5AXCmxVWc8syK5Hlb_623ae2c39248e_cvtpl.jpg
FEMALE,https://static.topcv.vn/avatars/EdHiVBOVJ3fszgTydFxB_6204f0e28063a_cvtpl.jpg
FEMALE,https://static.topcv.vn/avatars/VIZrgc6GGlL448PvFG00_623adfb5c177e_cvtpl.jpg
MALE,https://static.topcv.vn/avatars/pzRXZI4DICB7Jy11mv3m_623ae5e5c08e0_cvtpl.jpg
MALE,https://static.topcv.vn/avatars/cJnQAMBL2FJH0GXRuOng_5bb8643d23a5a_cvtpl.jpg
FEMALE,https://static.topcv.vn/avatars/qBmlMn64zEtR4vzeJfKL_5faa1cff7f608_cvtpl.jpg
MALE,https://static.topcv.vn/avatars/kqPmTikJP3RLUE1z75bC_5edc51b75418f_cvtpl.jpg
MALE,https://static.topcv.vn/avatars/dTdohCAIVn7T09q4WxRv_623ad743128c2_cvtpl.jpg
MALE,https://static.topcv.vn/avatars/znZv38o2F3dPO13rCfB7_61b7fed3e9bab_cvtpl.jpg
FEMALE,https://static.topcv.vn/avatars/rI5hF6aLQHTa7uUZZDwZ_623adc0d3b656_cvtpl.jpg
MALE,https://static.topcv.vn/avatars/jZYpBhdYbimhd8V8z4si_623adb71a01b2_cvtpl.jpg
FEMALE,https://static.topcv.vn/avatars/wuO0LYOfbtyUJYCSVGW0_5eef79e6c0fc5_cvtpl.jpg
FEMALE,https://static.topcv.vn/avatars/1azhvk3NOjIlQiq4dRj9_610fa8705c94b_cvtpl.jpg
MALE,https://static.topcv.vn/avatars/OzSpTSKunOjKdds3s8tX_623ae60ed1c78_cvtpl.jpg
FEMALE,https://static.topcv.vn/avatars/ot0h2jHpcky4H4EkFMbX_61adb3a47aaf1_cvtpl.jpg
MALE,https://static.topcv.vn/avatars/D1Sx0GOu11fxU2MqqnsX_623ae5286c22b_cvtpl.jpg
FEMALE,https://static.topcv.vn/avatars/6przPdxalyfxZbVaE1SU_623ae241bf8a7_cvtpl.jpg
MALE,https://static.topcv.vn/avatars/CY88hZJHvOzuVNIMiAhh_623ae25534b5d_cvtpl.jpg
FEMALE,https://static.topcv.vn/avatars/Y9TltZqBxRRpyzapgkbv_6231b4ebe8fc6_cvtpl.jpg
FEMALE,https://static.topcv.vn/avatars/PzmWCicGT8k2bfWUFEeX_6107291fd4e7a_cvtpl.jpg
FEMALE,https://static.topcv.vn/avatars/YUL7x8ROW8XBYx7lzEuz_6077f9127d9da_cvtpl.jpg
FEMALE,https://static.topcv.vn/avatars/h9IZQRXGLieuBJ5A6d77_5c35a71620156_cvtpl.jpg
FEMALE,https://static.topcv.vn/avatars/afv25Bs7g4Qqis1EYTg9_62397a28569fa_cvtpl.jpg
FEMALE,https://static.topcv.vn/avatars/VsDpAmsXlcnXvygUo9SK_5d220722d8961_cvtpl.jpg
FEMALE,https://static.topcv.vn/avatars/Mw5rxTk1LSiCRgrEV7sG_623ae5e1af6b5_cvtpl.jpg
MALE,https://static.topcv.vn/avatars/rddpPT1o4H1rETioWSq5_620623cb217e7_cvtpl.jpg
FEMALE,https://static.topcv.vn/avatars/dI090OxKXnoG9sY0q8t7_623ae305ef154_cvtpl.jpg
FEMALE,https://static.topcv.vn/avatars/7Fj6SxLhhxJ2FtACpOZS_623ae519ea481_cvtpl.jpg
FEMALE,https://static.topcv.vn/avatars/BAEMM6bHXDFWOryiUeUw_623ad300107cb_cvtpl.jpg
FEMALE,https://static.topcv.vn/avatars/jLrSCIoMSi2oPSUxzMuw_6215ebef26538_cvtpl.jpg
FEMALE,https://static.topcv.vn/avatars/Bvsl9VO0BPynlse6lEyc_595a7c5d8214a_cvtpl.jpg
MALE,https://static.topcv.vn/avatars/bpIZCUyMFIkrWKL9PJoO_623aaa5097a91_cvtpl.jpg
FEMALE,https://static.topcv.vn/avatars/kVz7AE2uJ36PuCVAQk52_6220d2dd2fa1e_cvtpl.jpg
FEMALE,https://static.topcv.vn/avatars/0sq8qcZmmdKuIzTbZ5Mg_623ae5536c3fb_cvtpl.jpg
FEMALE,https://static.topcv.vn/avatars/niHCcIW0nFSROL8Eus9x_623ae55bc1a6c_cvtpl.jpg
MALE,https://static.topcv.vn/avatars/Z5r3kyMC3QiSlqB9UG7J_623ae58ea21a3_cvtpl.jpg
FEMALE,https://static.topcv.vn/avatars/7kSE7HhwLgSABkRNNqPS_623ad1417f9da_cvtpl.jpg
FEMALE,https://static.topcv.vn/avatars/wVvJMHVO3IEgNZ64gndJ_6238624c505ba_cvtpl.jpg
FEMALE,https://static.topcv.vn/avatars/H7wc1YSi8gwu3jpv1IBk_623ae4d4d2e1e_cvtpl.jpg
FEMALE,https://static.topcv.vn/avatars/1azhvk3NOjIlQiq4dRj9_610fa8705c94b_cvtpl.jpg
FEMALE,https://static.topcv.vn/avatars/b93jqWRNRei42TdN2ly8_5fcba666e49ce_cvtpl.jpg
FEMALE,https://static.topcv.vn/avatars/b93jqWRNRei42TdN2ly8_5fcba666e49ce_cvtpl.jpg
FEMALE,https://static.topcv.vn/avatars/f4KFxAvGvkWJEv4ZQkNV_621706cbc55ff_cvtpl.jpg
MALE,https://static.topcv.vn/avatars/0qTWEUk0RwdhaOqT4Ixl_623ae50d94e74_cvtpl.jpg
FEMALE,https://static.topcv.vn/avatars/oFEYhGv9L3YRj2fhUEEH_623ae342e82c4_cvtpl.jpg
MALE,https://static.topcv.vn/avatars/1YlxZifKl0kV5DnlFv7P_623ae2e11de9f_cvtpl.jpg
MALE,https://static.topcv.vn/avatars/gSOZs3RFjRkrpooqBwxv_623ac10a007b1_cvtpl.jpg
FEMALE,https://static.topcv.vn/avatars/DMLDZfVNLk5FFB5kpsZQ_623adf119c9ae_cvtpl.jpg
FEMALE,https://static.topcv.vn/avatars/g7XUKjLMtOuDgDfAaiT9_616e5e1273929_cvtpl.jpg
FEMALE,https://static.topcv.vn/avatars/NRYerFHiG5UQQhghZB0n_6232ef36772a4_cvtpl.jpg
FEMALE,https://static.topcv.vn/avatars/xr1NXbdBP1I4aMQfHPRz_623ae1224a898_cvtpl.jpg
MALE,https://static.topcv.vn/avatars/vh1v2NDHPAk3xCGQY1km_623adfa95087a_cvtpl.jpg
FEMALE,https://static.topcv.vn/avatars/5PwMF8x6L151UANhpL6u_62387fdb1f7c5_cvtpl.jpg
MALE,https://static.topcv.vn/avatars/KyJv9OMuVVRjOHpHe8Gf_5c53169a27dc4_cvtpl.jpg
FEMALE,https://static.topcv.vn/avatars/AozM0aTaIByFjXH3uVH6_62384258d379e_cvtpl.jpg
FEMALE,https://static.topcv.vn/avatars/5jP92GGaj6wQjDrQT2ih_623ae52d71f5b_cvtpl.jpg
FEMALE,https://static.topcv.vn/avatars/x0vo6mUxcCejyq3yOwQk_60b1f94c71db9_cvtpl.jpg
FEMALE,https://static.topcv.vn/avatars/Kz6YthJFjecK7sfpd8dN_623ae0af91384_cvtpl.jpg
FEMALE,https://static.topcv.vn/avatars/jMfXKxkNnM1VSb75zXpQ_5cc044a2cb9d0_cvtpl.jpg
FEMALE,https://static.topcv.vn/avatars/nIFMQYNYcyvg5ijoBHzs_5f5ee5a53d8c2_cvtpl.jpg
FEMALE,https://static.topcv.vn/avatars/5ZFM4XJ2WHalY7Ly0z1Q_623a939617a27_cvtpl.jpg
FEMALE,https://static.topcv.vn/avatars/1zpNqTGCsAh0cERn1R8S_620af3c6628e1_cvtpl.jpg
FEMALE,https://static.topcv.vn/avatars/PLOYPD0oB0oUPTiTn7lf_5fa5544d9ebd5_cvtpl.jpg
MALE,https://static.topcv.vn/avatars/kzxIcrIBZTaeCeivNi9Y_62347a0fda131_cvtpl.jpg
FEMALE,https://static.topcv.vn/avatars/WtcQXmhGk28bQLmpMBPQ_620225ff35228_cvtpl.jpg
FEMALE,https://static.topcv.vn/avatars/J8BGTpkmgE3PjJPkgD41_622f57d021066_cvtpl.jpg
MALE,https://static.topcv.vn/avatars/FuIfrbEDuX7CtOWBuU6Q_623ae5158e7b3_cvtpl.jpg
FEMALE,https://static.topcv.vn/avatars/TzYYG7X5f2rftovbTXWp_623adca1e014b_cvtpl.jpg
FEMALE,https://static.topcv.vn/avatars/sJAg7G2G7Xab7wkWLUeV_622b268a055fa_cvtpl.jpg
FEMALE,https://static.topcv.vn/avatars/AbFkSysXV8qtXYayjcJO_61d0661a86f82_cvtpl.jpg
MALE,https://static.topcv.vn/avatars/jZYpBhdYbimhd8V8z4si_623adb71a01b2_cvtpl.jpg
MALE,https://static.topcv.vn/avatars/DZc0T58cL0rotLN63340_62061447aacee_cvtpl.jpg
MALE,https://static.topcv.vn/avatars/rL8XV0ITewvwc9sPDxCk_623a9f12d4845_cvtpl.jpg
FEMALE,https://static.topcv.vn/avatars/jwB92jz4kJBTv1hzuodw_623ab256d9370_cvtpl.jpg
FEMALE,https://static.topcv.vn/avatars/6A1JthpumW7CoexIUL01_623adf28ce907_cvtpl.jpg
MALE,https://static.topcv.vn/avatars/3ab7020f32b6c9751c3632aed109ecf5-623ae3ecceade.jpg
FEMALE,https://static.topcv.vn/avatars/x5Tru3xL4p5JBabc8JYq_623ac31e544c2_cvtpl.jpg
FEMALE,https://static.topcv.vn/avatars/uMc27QZxJBtN1qepZ4NX_623adc6b0cc7b_cvtpl.jpg
FEMALE,https://static.topcv.vn/avatars/8v0ZukmsYiWJwrEelgDC_5fb8548d0a335_cvtpl.jpg
FEMALE,https://static.topcv.vn/avatars/0FKs0kneRIHeeNglqHIt_622b050fdca43_cvtpl.jpg
MALE,https://static.topcv.vn/avatars/PvqsKHZiFqXvXDEPQbON_6061dff8c7c75_cvtpl.jpg
FEMALE,https://static.topcv.vn/avatars/Swwytw1mEvJ1020MYIIE_621646a038489_cvtpl.jpg
MALE,https://static.topcv.vn/avatars/UuGCbymSOgHRSgcxpksX_5b4ec9a2cbf42_cvtpl.jpg
FEMALE,https://static.topcv.vn/avatars/JlyIdA1RJs8D6S00t60G_6204a91c0081d_cvtpl.jpg
MALE,https://static.topcv.vn/avatars/znZv38o2F3dPO13rCfB7_61b7fed3e9bab_cvtpl.jpg
MALE,https://static.topcv.vn/avatars/rBP6zMaWCwyJf0UCXJ5x_593939b07e5f5_cvtpl.jpg
MALE,https://static.topcv.vn/avatars/apDMbawoRFVvMS3vrijW_623adbab596ae_cvtpl.jpg
FEMALE,https://static.topcv.vn/avatars/UITWRFRxymPGcWr8ZsJV_61e1160ca9ca9_cvtpl.jpg
FEMALE,https://static.topcv.vn/avatars/NPV8Kqzy46NeLhS3pSVf_623ae41caa42e_cvtpl.jpg
FEMALE,https://static.topcv.vn/avatars/FIQLk54Gw0J3I3YXHm4v_5fd0be2bb38a1_cvtpl.jpg
MALE,https://static.topcv.vn/avatars/99jPYbmQwv2L2QpeQ3sX_62375676254e4_cvtpl.jpg
MALE,https://static.topcv.vn/avatars/eC7r79674tD9zoH4p4Af_5df49c5967661_cvtpl.jpg
FEMALE,https://static.topcv.vn/avatars/gWimif4W6jFqrfb9bUn5_620c678de4ece_cvtpl.jpg
MALE,https://static.topcv.vn/avatars/DMCTvaTRxW5niSDvW8C7_61498da80ac17_cvtpl.jpg
FEMALE,https://static.topcv.vn/avatars/7NAQxAOR8bQ6BNR90O19_620cbf271345a_cvtpl.jpg
FEMALE,https://static.topcv.vn/avatars/OIm7h4dGNJfDzrlutmWc_6071dcca04eab_cvtpl.jpg
FEMALE,https://static.topcv.vn/avatars/P63MFRm73xKbw00az2xa_61d958b135cff_cvtpl.jpg
FEMALE,https://static.topcv.vn/avatars/t4EK2ZTwDI6dGByE6koj_6213086f6d5dc_cvtpl.jpg
FEMALE,https://static.topcv.vn/avatars/t4EK2ZTwDI6dGByE6koj_6213086f6d5dc_cvtpl.jpg
MALE,https://static.topcv.vn/avatars/OOgpGOKSC6GT9YFKYuos_62149fb449957_cvtpl.jpg
FEMALE,https://static.topcv.vn/avatars/e6fC9fsWxH1rElws13eL_623ae4c20e9cf_cvtpl.jpg
MALE,https://static.topcv.vn/avatars/2SxnCgrh1LoWcceIzgoA_5cdadc0b6932d_cvtpl.jpg
FEMALE,https://static.topcv.vn/avatars/6FXIfv67aEg1jDggw0Sq_623ae45e7b5ca_cvtpl.jpg
MALE,https://static.topcv.vn/avatars/jERwyT4Iy0IFS7XYvZZY_623a9d58d1c04_cvtpl.jpg
MALE,https://static.topcv.vn/avatars/glQ6bn19P5QURkTasaEW_623ae48a1fa7b_cvtpl.jpg
MALE,https://static.topcv.vn/avatars/uylnrs8WGDpaJGvBA9IL_623ae2aaea8bc_cvtpl.jpg
MALE,https://static.topcv.vn/avatars/rrqmt4R0DliXzkn2nMvH_604f44994f7da_cvtpl.jpg
FEMALE,https://static.topcv.vn/avatars/lyiL00sZ522TePjg7uor_623adbd2cc1a2_cvtpl.jpg
MALE,https://static.topcv.vn/avatars/1YlxZifKl0kV5DnlFv7P_623ae2e11de9f_cvtpl.jpg
FEMALE,https://static.topcv.vn/avatars/bXXXaa94eUmVQU8dUOyY_6235557318ceb_cvtpl.jpg
FEMALE,https://static.topcv.vn/avatars/5PJ7EpkYdvH2Ni93jemd_6239d904cc543_cvtpl.jpg
FEMALE,https://static.topcv.vn/avatars/NPV8Kqzy46NeLhS3pSVf_623ae41caa42e_cvtpl.jpg
FEMALE,https://static.topcv.vn/avatars/p4hFCBqeZurhTs8wNSdl_5efda98876651_cvtpl.jpg
MALE,https://static.topcv.vn/avatars/88d694f3df5c6c4df769850e670e6931-6008613572fc0.jpg
FEMALE,https://static.topcv.vn/avatars/F92pDQ8vpYUVc8Rh3lYx_6072720f411ce_cvtpl.jpg
FEMALE,https://static.topcv.vn/avatars/pViOuEG7sbaFWiV7sXU5_62369ea73a06e_cvtpl.jpg
FEMALE,https://static.topcv.vn/avatars/3eqqd99CLCsbmY09S34D_623ae24f16bfb_cvtpl.jpg
FEMALE,https://static.topcv.vn/avatars/y4KiHIaxQ8BD9sddsfIn_6221b6fb0c674_cvtpl.jpg
FEMALE,https://static.topcv.vn/avatars/ao6TQeeSNrsDvvNXQZJT_622f57e1bd065_cvtpl.jpg
FEMALE,https://static.topcv.vn/avatars/vKP8oCKI9MCSIyO6HJfF_61c1f1f909a8d_cvtpl.jpg
MALE,https://static.topcv.vn/avatars/y8sLmKV3opI6wtCJUlpG_5f55a28cd7645_cvtpl.jpg
MALE,https://static.topcv.vn/avatars/lFnhkiwA0idZCJHcM3Ls_5f5226bbbff2e_cvtpl.jpg
MALE,https://static.topcv.vn/avatars/9exn8vHR0eySNmlfjDfk_5e2078b227562_cvtpl.jpg
FEMALE,https://static.topcv.vn/avatars/BdfGNLjCyMXgRI6Mf7Zm_623ae43744d89_cvtpl.jpg
MALE,https://static.topcv.vn/avatars/2CNpDfaYekNWN7Fcj7bK_6239ea3ac0425_cvtpl.jpg
FEMALE,https://static.topcv.vn/avatars/30DMiiOvWMEscwmjBkCZ_623a9ec3c3047_cvtpl.jpg
FEMALE,https://static.topcv.vn/avatars/VKUpAYM6CpQxaK0T0zH0_62395f3c1462c_cvtpl.jpg
FEMALE,https://static.topcv.vn/avatars/SK1Z4kvoVdYSPqo9W1wC_6036ff2d99b4f_cvtpl.jpg
FEMALE,https://static.topcv.vn/avatars/tYvXtCacEu98cWRSYRnH_6221aa7577473_cvtpl.jpg
FEMALE,https://static.topcv.vn/avatars/ql1rWAGbB76pPyHXfQWH_61d28a21b22da_cvtpl.jpg
FEMALE,https://static.topcv.vn/avatars/E3AmLwrGjZ5IAT08H1WQ_604ef73c07ca8_cvtpl.jpg
MALE,https://static.topcv.vn/avatars/UiefUA408abHXZAbYWsF_623ad7818c4a9_cvtpl.jpg
FEMALE,https://static.topcv.vn/avatars/rSkpg2YHNeXAxCZrsoDg_621b95aaa4ec5_cvtpl.jpg
FEMALE,https://static.topcv.vn/avatars/0en5XhNCAOP4U4xVRoxQ_611b1ff5c40d2_cvtpl.jpg
FEMALE,https://static.topcv.vn/avatars/trN7Kqa6rZ0BaHFPlrga_622ee56ca3b1c_cvtpl.jpg
MALE,https://static.topcv.vn/avatars/sZcGUoc1PWId86isBKRX_5bf6db3dc7e83_cvtpl.jpg
FEMALE,https://static.topcv.vn/avatars/6EURPhu7zwMjLgC2o3TH_622955fec183a_cvtpl.jpg
FEMALE,https://static.topcv.vn/avatars/MRSNjG6tLkne3RV8rSNh_623ae380e8389_cvtpl.jpg
FEMALE,https://static.topcv.vn/avatars/pgVSa1x5PDk3Mf7PD35g_622b4eee54853_cvtpl.jpg
FEMALE,https://static.topcv.vn/avatars/VIZrgc6GGlL448PvFG00_623adfb5c177e_cvtpl.jpg
MALE,https://static.topcv.vn/avatars/yOEO0Kq5gULZOvofJJI8_622b0193ccac6_cvtpl.jpg
MALE,https://static.topcv.vn/avatars/gb1blwbR2NKZn1XxkJnJ_5927b3003ecd4_cvtpl.jpg
FEMALE,https://static.topcv.vn/avatars/oAHLvrSf4IHAT2S2S46E_6218b6f30c3d9_cvtpl.jpg
MALE,https://static.topcv.vn/avatars/J9XR1hEjJQigDKUG2XEM_6229b7583d909_cvtpl.jpg
FEMALE,https://static.topcv.vn/avatars/tBBwmuATadT77zOE7gdk_5f3b66b16f016_cvtpl.jpg
FEMALE,https://static.topcv.vn/avatars/6EURPhu7zwMjLgC2o3TH_622955fec183a_cvtpl.jpg
FEMALE,https://static.topcv.vn/avatars/QjYeNEUTYJzhMXg5bFav_62392bced2605_cvtpl.jpg
FEMALE,https://static.topcv.vn/avatars/VWKpDsjDKrEHOVdGyBQK_61b2a73351b25_cvtpl.jpg
FEMALE,https://static.topcv.vn/avatars/25jB3xsWSqinZbQLHTtA_613f665f8a131_cvtpl.jpg
FEMALE,https://static.topcv.vn/avatars/BceWogGLDSZ5JMgd6zJv_623ae3f9b8dab_cvtpl.jpg
MALE,https://static.topcv.vn/avatars/khUJAKIbFuJAkGeYjiGQ_623843135a36b_cvtpl.jpg
FEMALE,https://static.topcv.vn/avatars/5EcDCB1YW3Zj4XkP2odM_623ae2764ee03_cvtpl.jpg
FEMALE,https://static.topcv.vn/avatars/bEJGluStJa2Nim1r95H4_5db8f948eeaa2_cvtpl.jpg
FEMALE,https://static.topcv.vn/avatars/wVJOH9vxkI2m5OouOJQl_615e4cc41805f_cvtpl.jpg
FEMALE,https://static.topcv.vn/avatars/y3G6gHVr4VL58uz82qvX_6050c4f51a71a_cvtpl.jpg
MALE,https://static.topcv.vn/avatars/4OIkzpJphSmjFVhF1Zfg_61721599c7617_cvtpl.jpg
FEMALE,https://static.topcv.vn/avatars/KxbD0Fp7tHqvZ23UB1hN_623ae1abda03a_cvtpl.jpg
FEMALE,https://static.topcv.vn/avatars/K0gqYvIVYjaaKtbhEKfb_618cb560b7540_cvtpl.jpg
FEMALE,https://static.topcv.vn/avatars/JYYlOLiQmbCWML7Nd1tt_623adfb603f26_cvtpl.jpg
MALE,https://static.topcv.vn/avatars/3ZUP6iJf8b3QJMuyI61l_6030c5b06a128_cvtpl.jpg
MALE,https://static.topcv.vn/avatars/kqIJTVlBElNzNXWKK0cl_5b7e6c7a23505_cvtpl.jpg
FEMALE,https://static.topcv.vn/avatars/6nEEpLPzlSa95NzfnsCa_622f051302247_cvtpl.jpg
MALE,https://static.topcv.vn/avatars/AbydJ5VlOZlgUxmi3Bev_5dc0d55fa7348_cvtpl.jpg
FEMALE,https://static.topcv.vn/avatars/ORzJvEsAE4QkHXF3AJQF_61e58272abe4d_cvtpl.jpg
FEMALE,https://static.topcv.vn/avatars/ORzJvEsAE4QkHXF3AJQF_61e58272abe4d_cvtpl.jpg
MALE,https://static.topcv.vn/avatars/cCsoV4TJ47Xw6oBIYJ2L_6221bf498d517_cvtpl.jpg
FEMALE,https://static.topcv.vn/avatars/yUEUusyOajMRz9rRM3On_6219ed5f511a0_cvtpl.jpg
FEMALE,https://static.topcv.vn/avatars/Iz1vaM3SkAdcyPOE6RKX_60fbc964666e9_cvtpl.jpg
FEMALE,https://static.topcv.vn/avatars/veTxKoRgRXAd3ZJgFXKQ_60823c2a89898_cvtpl.jpg
MALE,https://static.topcv.vn/avatars/pmuNHPRbzVd7grbQ5InZ_6238249505d62_cvtpl.jpg
FEMALE,https://static.topcv.vn/avatars/ClGtySxYh0r5puRoKM9X_623ae34d29671_cvtpl.jpg
FEMALE,https://static.topcv.vn/avatars/bCuK6Kf2feqqxpc7iuIL_623adc494471c_cvtpl.jpg
MALE,https://static.topcv.vn/avatars/H6HqShSRX43ZSCosQa9N_623ad6ab39ddf_cvtpl.jpg
FEMALE,https://static.topcv.vn/avatars/78b379371c9f617d76015950446d8139-623ade432f992.jpg
FEMALE,https://static.topcv.vn/avatars/5PwMF8x6L151UANhpL6u_62387fdb1f7c5_cvtpl.jpg
MALE,https://static.topcv.vn/avatars/24dfcfcd6cbcd2aab881187ac507f231-623ae39be7572.jpg
MALE,https://static.topcv.vn/avatars/L02vUD1rXvFifq0qJUVb_5970b21d34c48_cvtpl.jpg
FEMALE,https://static.topcv.vn/avatars/ysmj3H1wSNq5Lmp2LxPJ_618933aadf920_cvtpl.jpg
FEMALE,https://static.topcv.vn/avatars/U0UPfr8khYPumtr2eWnR_623ae3805908b_cvtpl.jpg
MALE,https://static.topcv.vn/avatars/lae4dE7nz5t5xa9x1de9_5aa554f2b7978_cvtpl.jpg
FEMALE,https://static.topcv.vn/avatars/Po5HasDnnLbG6dmbHfBE_617e41e00b13a_cvtpl.jpg
FEMALE,https://static.topcv.vn/avatars/o7IGKVsmzFFquJvMx7VR_623142e783a4c_cvtpl.jpg
MALE,https://static.topcv.vn/avatars/zjDvQnxSu9u06CMM4SKO_5aa938e7854bb_cvtpl.jpg
FEMALE,https://static.topcv.vn/avatars/XJD2FaM8qEz3KDhU28wI_623758b5e3c8f_cvtpl.jpg
MALE,https://static.topcv.vn/avatars/hwPdr5QJlA9K5E083Y85_5d01c09a84513_cvtpl.jpg
FEMALE,https://static.topcv.vn/avatars/JHd81c1Rfy7aZwHU7ipr_621f3f0f8452d_cvtpl.jpg
FEMALE,https://static.topcv.vn/avatars/w1tGbF6JEwO0UjzaHQyw_5e4367ad8e4a7_cvtpl.jpg
MALE,https://static.topcv.vn/avatars/05MbP5Bknc9p9J0ngosb_623a9a852a3ed_cvtpl.jpg
FEMALE,https://static.topcv.vn/avatars/uUrBVLsb1POAyEbXQ28m_60629e1c9d130_cvtpl.jpg
FEMALE,https://static.topcv.vn/avatars/F2ya9u1urRjhf4AZxtLU_623ada6fee1e3_cvtpl.jpg
FEMALE,https://static.topcv.vn/avatars/vZW8g2NOVtZhg7Z2oZpT_621125d012a92_cvtpl.jpg
FEMALE,https://static.topcv.vn/avatars/YqFRz37MVSOJ4sU1246T_62380069cf303_cvtpl.jpg
FEMALE,https://static.topcv.vn/avatars/8PZztC5ppcwUTxmzSTh0_5e57dde59b814_cvtpl.jpg
FEMALE,https://static.topcv.vn/avatars/pb80niRiZOLHcSekU3E0_623ade36b3c1a_cvtpl.jpg
MALE,https://static.topcv.vn/avatars/NmNV7imH8zvuTtCCROhG_623ade66bcd16_cvtpl.jpg
FEMALE,https://static.topcv.vn/avatars/wdvYsEIjeHcIZxBgOMSZ_5e804a298f810_cvtpl.jpg
MALE,https://static.topcv.vn/avatars/fSQ4UfMuJirZklMPHRh4_617a115e79cf7_cvtpl.jpg
MALE,https://static.topcv.vn/avatars/jEvztRLUfa43ToqOxKzU_616814ff8cd8d_cvtpl.jpg
MALE,https://static.topcv.vn/avatars/yOEO0Kq5gULZOvofJJI8_622b0193ccac6_cvtpl.jpg
FEMALE,https://static.topcv.vn/avatars/hX25eApBRgykxqGt1qUF_5f3f4af99b00f_cvtpl.jpg
MALE,https://static.topcv.vn/avatars/IaLSxTrXyGywBBulfcHE_622bfa2ad8640_cvtpl.jpg
MALE,https://static.topcv.vn/avatars/ckLkFFKR6aVwsVbfDuYt_623ae2e5760ed_cvtpl.jpg
MALE,https://static.topcv.vn/avatars/dRMn6MRj0Z686a3hRwej_61cdd2fa27076_cvtpl.jpg
FEMALE,https://static.topcv.vn/avatars/crD5uEtCxpB14vvXsHCf_6239fe744f631_cvtpl.jpg
FEMALE,https://static.topcv.vn/avatars/gp6ZO2meysX6rJARnOBM_623ad4d4e0eae_cvtpl.jpg
MALE,https://static.topcv.vn/avatars/V4AIVbrRKIWU8hNzBeXY_599f9e32c36cd_cvtpl.jpg
MALE,https://static.topcv.vn/avatars/VPmJucddafasZX2onvfO_615ab0e9e45cd_cvtpl.jpg
MALE,https://static.topcv.vn/avatars/8RBjb1Bxcjw7P941HhXI_5bceb6e114512_cvtpl.jpg
MALE,https://static.topcv.vn/avatars/yOEO0Kq5gULZOvofJJI8_622b0193ccac6_cvtpl.jpg
MALE,https://static.topcv.vn/avatars/pr8VFW04HQznZ1nrdNTY_623add72a7c37_cvtpl.jpg
MALE,https://static.topcv.vn/avatars/NRqHBUSfRUOGKwWV3NKA_5b1f64b55c61f_cvtpl.jpg
MALE,https://static.topcv.vn/avatars/yI0iJSueyTaG7cGvDNMV_615d24f8132bd_cvtpl.jpg
FEMALE,https://static.topcv.vn/avatars/AcmkrIida7nHAmFHHDEs_cvtpl.jpg
FEMALE,https://static.topcv.vn/avatars/W4sOLnFIs5nbOVMS4mio_6238182d8f87f_cvtpl.jpg
MALE,https://static.topcv.vn/avatars/kDhsQDiLLpfoKM9rEtU6_62398a62c3c26_cvtpl.jpg
FEMALE,https://static.topcv.vn/avatars/6c5CEqEqnZQGO0cLHo4A_623ae177f13ce_cvtpl.jpg
FEMALE,https://static.topcv.vn/avatars/tWxrQvttbgprgESl5At5_621ee0e6852c6_cvtpl.jpg
MALE,https://static.topcv.vn/avatars/dDPkfllaa7Cc9qHLAZp0_623accab416c9_cvtpl.jpg
MALE,https://static.topcv.vn/avatars/BYRnSiaQXQRkq5conFZO_6237f96c12b72_cvtpl.jpg
MALE,https://static.topcv.vn/avatars/OtGpGCbPwMXigi6zHJqI_5f82979d9042d_cvtpl.jpg
FEMALE,https://static.topcv.vn/avatars/wTD1p4zwCWORqPVGq74M_623ae0eb22eed_cvtpl.jpg
MALE,https://static.topcv.vn/avatars/yOEO0Kq5gULZOvofJJI8_622b0193ccac6_cvtpl.jpg
FEMALE,https://static.topcv.vn/avatars/VIZrgc6GGlL448PvFG00_623adfb5c177e_cvtpl.jpg
FEMALE,https://static.topcv.vn/avatars/uj1KzlynlzPwNrF4snCs_623acf9abf60c_cvtpl.jpg
FEMALE,https://static.topcv.vn/avatars/9LvwD3lYLWKlnn4CQd6K_622484d5313c0_cvtpl.jpg
FEMALE,https://static.topcv.vn/avatars/zi3jBpK1cjzgMSfIfO8V_623ae05804556_cvtpl.jpg
FEMALE,https://static.topcv.vn/avatars/aJhehxxg0XyhRnZi5Fz9_5e80bd9798422_cvtpl.jpg
MALE,https://static.topcv.vn/avatars/DlrCHxs90Kf4v5KCRIVB_623ae2bbd45c4_cvtpl.jpg
MALE,https://static.topcv.vn/avatars/a6nL4fMxxVOEo6uWBmcd_623ae262af753_cvtpl.jpg
MALE,https://static.topcv.vn/avatars/c147f2kVgulOFjWR5w0y_61bac6fb3f5da_cvtpl.jpg
FEMALE,https://static.topcv.vn/avatars/tWxrQvttbgprgESl5At5_621ee0e6852c6_cvtpl.jpg
FEMALE,https://static.topcv.vn/avatars/CHfFfNbl6kOD1DJ6fz9I_5e04d51789b38_cvtpl.jpg
MALE,https://static.topcv.vn/avatars/hieLZMhDWi38KqadpLTn_612c137acf10f_cvtpl.jpg
MALE,https://static.topcv.vn/avatars/PiqJoeeyIFzcWHHmp23j_61123fa222383_cvtpl.jpg
FEMALE,https://static.topcv.vn/avatars/XWCW658ktVrpQ5ELuHhR_6191f3916f127_cvtpl.jpg
MALE,https://static.topcv.vn/avatars/LlPJU1EJQWT99weZTWN1_622f4ec37892e_cvtpl.jpg
FEMALE,https://static.topcv.vn/avatars/4vVOGr40JQRxzRUFM5NT_613992cbbdf09_cvtpl.jpg
FEMALE,https://static.topcv.vn/avatars/XWCW658ktVrpQ5ELuHhR_6191f3916f127_cvtpl.jpg
MALE,https://static.topcv.vn/avatars/abnEbKaDo6YBtKhFJif2_61cc946624336_cvtpl.jpg
FEMALE,https://static.topcv.vn/avatars/XWCW658ktVrpQ5ELuHhR_6191f3916f127_cvtpl.jpg
MALE,https://static.topcv.vn/avatars/C60mA9nNDlncaOe6iStT_61b471a599f60_cvtpl.jpg
FEMALE,https://static.topcv.vn/avatars/XWCW658ktVrpQ5ELuHhR_6191f3916f127_cvtpl.jpg
MALE,https://static.topcv.vn/avatars/hA38USBdBJUfnO9C7x3X_623adecbecc0b_cvtpl.jpg
FEMALE,https://static.topcv.vn/avatars/gp6ZO2meysX6rJARnOBM_623ad4d4e0eae_cvtpl.jpg
FEMALE,https://static.topcv.vn/avatars/AnFmktZko7ochG76XTZp_6231d99690023_cvtpl.jpg
FEMALE,https://static.topcv.vn/avatars/3ruB93cnE69cm1BXGh8M_623ae11297682_cvtpl.jpg
FEMALE,https://static.topcv.vn/avatars/LCQ6jQXDhK7Jz4FVjBXS_61beae99ab39e_cvtpl.jpg
MALE,https://static.topcv.vn/avatars/bxcvMpnkfqvmA8PxLRYo_62316d0c84337_cvtpl.jpg
MALE,https://static.topcv.vn/avatars/H1asmxGnXG7oJ0BLUXIe_6226d5b969974_cvtpl.jpg
MALE,https://static.topcv.vn/avatars/OlBb7P8D2cVHJDw19aw9_623ae10f2ef5d_cvtpl.jpg
FEMALE,https://static.topcv.vn/avatars/Pv9OlJ8QTUuV1n3PZyqj_623ae16281aaf_cvtpl.jpg
MALE,https://static.topcv.vn/avatars/WzYbAte6dtV1LK5I4MQY_60bf3a5a1c272_cvtpl.jpg
FEMALE,https://static.topcv.vn/avatars/JzAnD5rOx2x5h7oAJoPW_6209baa78acbf_cvtpl.jpg
MALE,https://static.topcv.vn/avatars/lMmbQduSrwiAHr1BNTDn_62398ee0dcab0_cvtpl.jpg
MALE,https://static.topcv.vn/avatars/fXNL9app3J2Xm3JQ3iGt_616938036f37e_cvtpl.jpg
FEMALE,https://static.topcv.vn/avatars/Po5HasDnnLbG6dmbHfBE_617e41e00b13a_cvtpl.jpg
MALE,https://static.topcv.vn/avatars/rduLCBh6i4GHV85ifzhy_623ae21b9abd3_cvtpl.jpg
FEMALE,https://static.topcv.vn/avatars/ypaO01bmwtySPjd7XR61_6217a72e047e6_cvtpl.jpg
MALE,https://static.topcv.vn/avatars/E7R4hNROOKCFB0hD462a_621c5a81def17_cvtpl.jpg
MALE,https://static.topcv.vn/avatars/dqBsd61kndaZnKd3BDiX_61a88b297c715_cvtpl.jpg
MALE,https://static.topcv.vn/avatars/YgbGpEfqtyQ8Zb2ADkut_603f8e5d4697e_cvtpl.jpg
MALE,https://static.topcv.vn/avatars/9QiAv8jLZZXQF27r2Ke0_623ae1370a6e3_cvtpl.jpg
FEMALE,https://static.topcv.vn/avatars/ZLjKOerzeEH6iWfMQSG2_5f7009054b4ba_cvtpl.jpg
MALE,https://static.topcv.vn/avatars/yOEO0Kq5gULZOvofJJI8_622b0193ccac6_cvtpl.jpg
MALE,https://static.topcv.vn/avatars/2gopemMhVfvXnKKEft9s_5cd971bee350e_cvtpl.jpg
FEMALE,https://static.topcv.vn/avatars/H0SxsVDsO8IbNVHCuNsH_623ae22a7d7ec_cvtpl.jpg
FEMALE,https://static.topcv.vn/avatars/6Vn0FHWFWv5mJ1jQQWi3_61e91f740a342_cvtpl.jpg
MALE,https://static.topcv.vn/avatars/9aPImb5AU1eGisUdT1C7_621c8e3d63bf1_cvtpl.jpg
MALE,https://static.topcv.vn/avatars/h69APtn5cqZgGtHJj1jS_5d545121cb43d_cvtpl.jpg
MALE,https://static.topcv.vn/avatars/H9SBo8xnlXjBH5TUXT5e_59e01fadc7898_cvtpl.jpg
MALE,https://static.topcv.vn/avatars/H9SBo8xnlXjBH5TUXT5e_59e01fadc7898_cvtpl.jpg
FEMALE,https://static.topcv.vn/avatars/SXKXnX1LITULO7egtXk8_623ae163cd7aa_cvtpl.jpg
MALE,https://static.topcv.vn/avatars/yOEO0Kq5gULZOvofJJI8_622b0193ccac6_cvtpl.jpg
MALE,https://static.topcv.vn/avatars/z3xdFftoVge0MOsiMcdd_5e883cc228814_cvtpl.jpg
FEMALE,https://static.topcv.vn/avatars/2pLC1eDiEDPjPhIdoF4L_6237f349bcfdd_cvtpl.jpg
FEMALE,https://static.topcv.vn/avatars/tvSasaw7ismSIgCydvx6_623ae202d30fb_cvtpl.jpg
FEMALE,https://static.topcv.vn/avatars/m6tfdS9AMyOTPN3XKwRD_623adca1023a2_cvtpl.jpg
FEMALE,https://static.topcv.vn/avatars/RCI3OwxToto2ZPJdrhgA_5f34d7d9b726a_cvtpl.jpg
FEMALE,https://static.topcv.vn/avatars/zJl0l1wloeHjAI9FksgU_602f67b5ba4a8_cvtpl.jpg
MALE,https://static.topcv.vn/avatars/UydEHXpr19Hrpx2TOvNL_61c8770730403_cvtpl.jpg
FEMALE,https://static.topcv.vn/avatars/WinfGcIYlBwyNy82YLd2_5e8bf62d5609f_cvtpl.jpg
FEMALE,https://static.topcv.vn/avatars/zW8BVTm8rBcb7eyDE5l2_62135d8f70574_cvtpl.jpg
FEMALE,https://static.topcv.vn/avatars/WinfGcIYlBwyNy82YLd2_5e8bf62d5609f_cvtpl.jpg
MALE,https://static.topcv.vn/avatars/1iWAaf9GLD5fqZl8THBa_5ffd6a6a39773_cvtpl.jpg
MALE,https://static.topcv.vn/avatars/2CPu3VVUHvi0mZLBMi57_623adf2685a4f_cvtpl.jpg
MALE,https://static.topcv.vn/avatars/vDWuUclLiFgA54yCjHf3_622d852e06cdc_cvtpl.jpg
FEMALE,https://static.topcv.vn/avatars/5hhmSGMEcHLVe0WcnHKv_5c716f8f28c83_cvtpl.jpg
MALE,https://static.topcv.vn/avatars/tFwisCleEzquNxEoSUAf_5c68c725f10ec_cvtpl.jpg
FEMALE,https://static.topcv.vn/avatars/oYHCTnr6uVyJXN72FbIC_623ad865e2a28_cvtpl.jpg
FEMALE,https://static.topcv.vn/avatars/mV7CPL7LOlRcohmqSoi3_623abc67522f8_cvtpl.jpg
FEMALE,https://static.topcv.vn/avatars/ep7YxhHNStl2uBBW0OjW_5cbf34f51b260_cvtpl.jpg
MALE,https://static.topcv.vn/avatars/sG6yNdmbSznvuvNHpvai_623ae0b8e2169_cvtpl.jpg
MALE,https://static.topcv.vn/avatars/zdZRZocngu42RAxfEAeM_623add8771bd2_cvtpl.jpg
MALE,https://static.topcv.vn/avatars/MnDgQwwT67i1M2YL98VG_615717260fb46_cvtpl.jpg
MALE,https://static.topcv.vn/avatars/86DQkLJ0yM8zrzcumsqt_607d055d6e66a_cvtpl.jpg
MALE,https://static.topcv.vn/avatars/9J4nR4tBcKKipOwGOnKz_623402663b59d_cvtpl.jpg
MALE,https://static.topcv.vn/avatars/DBTb2un6AqcuuBy1N6MX_623ae1af6ada0_cvtpl.jpg
MALE,https://static.topcv.vn/avatars/oLSStN0uTgKxkL9YAEnY_623ae1a55d7e5_cvtpl.jpg
MALE,https://static.topcv.vn/avatars/J5HAHrL2eZkSqdj0Ga54_623aa19adf42d_cvtpl.jpg
FEMALE,https://static.topcv.vn/avatars/Jt9CVxZoWigUL3imlLgM_623ae120c113c_cvtpl.jpg
FEMALE,https://static.topcv.vn/avatars/C7CK0MOVSnELxreSUTKh_623ae0fb7dd78_cvtpl.jpg
MALE,https://static.topcv.vn/avatars/vaHVxRrmhy0uSvSfGKcP_6236f46e0671a_cvtpl.jpg
MALE,https://static.topcv.vn/avatars/dK6kCsjJPycZLPwDFBGU_623ae157dc7c3_cvtpl.jpg
FEMALE,https://static.topcv.vn/avatars/XSYQrNT1zTYeHTtIUniU_623ad2fe558ba_cvtpl.jpg
FEMALE,https://static.topcv.vn/avatars/2kChkkQHRh9M3zxyx4EM_60c4674864541_cvtpl.jpg
MALE,https://static.topcv.vn/avatars/4NRoAAhCIcweuvqV2Rao_623a92a5a953f_cvtpl.jpg
FEMALE,https://static.topcv.vn/avatars/qJR0wpnAsnGqSuVt6FBn_623adeda4b6e5_cvtpl.jpg
MALE,https://static.topcv.vn/avatars/32c08af9e80090c79f2d563578c5d88a-623ade47818e2.jpg
FEMALE,https://static.topcv.vn/avatars/iJMtZqZhshpyVNL702Zi_623accdb9e8f4_cvtpl.jpg
FEMALE,https://static.topcv.vn/avatars/mF0XBkgWINJfoUj5ntLs_620bd86e70c0d_cvtpl.jpg
FEMALE,https://static.topcv.vn/avatars/OP7nlVEroE9KfF7kIdrl_623adc87e0a14_cvtpl.jpg
MALE,https://static.topcv.vn/avatars/OjDvpfKEpYOwr4xaVxIW_5c7d377b2fc2b_cvtpl.jpg
MALE,https://static.topcv.vn/avatars/Z5HpAvrCzCDTlT9I6iPh_5f520f9c34b21_cvtpl.jpg
FEMALE,https://static.topcv.vn/avatars/lyiL00sZ522TePjg7uor_623adbd2cc1a2_cvtpl.jpg
FEMALE,https://static.topcv.vn/avatars/dyHJ3NgM2zgSn8XDQKWY_6239c44c72552_cvtpl.jpg
FEMALE,https://static.topcv.vn/avatars/ArwGYyKwkKqMRt8D1E4F_5f74964610e60_cvtpl.jpg
MALE,https://static.topcv.vn/avatars/ATRYbB5C2oixAFLURJyx_623ada6441767_cvtpl.jpg
FEMALE,https://static.topcv.vn/avatars/zYUiX6tZCUJa5oLscGfj_621e4f665a104_cvtpl.jpg
MALE,https://static.topcv.vn/avatars/mQURfAadgSlmdYffaFQn_623ada1faa2fa_cvtpl.jpg
FEMALE,https://static.topcv.vn/avatars/Vz9URZyQ4AEkHwf2kpXE_60dee9325c7bc_cvtpl.jpg
FEMALE,https://static.topcv.vn/avatars/y7F5CfYchzWN0NocHfWt_5d1eb6e0c929f_cvtpl.jpg
FEMALE,https://static.topcv.vn/avatars/0qvkbVKpAMkib2azkKld_61add411c13ea_cvtpl.jpg
FEMALE,https://static.topcv.vn/avatars/NU6znV3XaGNygNw7i8CX_622b488721832_cvtpl.jpg
FEMALE,https://static.topcv.vn/avatars/JehsSa8JkSpd94KgQhXf_60fa44cb37dc1_cvtpl.jpg
MALE,https://static.topcv.vn/avatars/daPRkhtx7OvRc7EmIjDo_5e0abe48b0461_cvtpl.jpg
FEMALE,https://static.topcv.vn/avatars/icdRtnEvWdzKPkdz0e9D_623ae10011ab8_cvtpl.jpg
MALE,https://static.topcv.vn/avatars/4mY4O8BCAbcapQLkDsrr_620e1457d1962_cvtpl.jpg
FEMALE,https://static.topcv.vn/avatars/gIz5og8BcpCUUvrk6UBk_622fda5192354_cvtpl.jpg
FEMALE,https://static.topcv.vn/avatars/BqbRcrWvA0X205Z2nDVU_5aa265f77dd66_cvtpl.jpg
MALE,https://static.topcv.vn/avatars/OlBb7P8D2cVHJDw19aw9_623ae10f2ef5d_cvtpl.jpg
MALE,https://static.topcv.vn/avatars/W2KhttFTwUjrNDiHrLNB_623ada7901193_cvtpl.jpg
FEMALE,https://static.topcv.vn/avatars/tXKOKOGQAB6rP0zpIBHl_5ab23209c6292_cvtpl.jpg
FEMALE,https://static.topcv.vn/avatars/X8CNHjobmpKd6C8ln6cC_61c5a44fbb4d1_cvtpl.jpg
FEMALE,https://static.topcv.vn/avatars/9IjF5BfLZW3tfaTqjEBp_5cc4745d68e9f_cvtpl.jpg
MALE,https://static.topcv.vn/avatars/CxlwSwaPoB9nNP77v38q_611a773ecb0e8_cvtpl.jpg
FEMALE,https://static.topcv.vn/avatars/ro6TyP0WafK6wmceI3cS_6234a542b457e_cvtpl.jpg
FEMALE,https://static.topcv.vn/avatars/UITWRFRxymPGcWr8ZsJV_61e1160ca9ca9_cvtpl.jpg
MALE,https://static.topcv.vn/avatars/C73IDnLYJP7ounrVRk02_623a9144669bc_cvtpl.jpg
FEMALE,https://static.topcv.vn/avatars/ENZQQLJoZuryYDI73v5K_5ce777d009b1d_cvtpl.jpg
FEMALE,https://static.topcv.vn/avatars/UJVwqmIABwjNrT9Yoi0Q_623a999c192f7_cvtpl.jpg
FEMALE,https://static.topcv.vn/avatars/Lw2HSjHUCOF0fMMjPcRg_623add4f1382f_cvtpl.jpg
MALE,https://static.topcv.vn/avatars/J66DBiUjmMku46BpXS3V_605aba37ca5f8_cvtpl.jpg
FEMALE,https://static.topcv.vn/avatars/QC1ULmoqqoedLqiG2qds_623ae114b8cc8_cvtpl.jpg
MALE,https://static.topcv.vn/avatars/mYz8iL156EJ5x02whi9J_62394aaa85849_cvtpl.jpg
FEMALE,https://static.topcv.vn/avatars/9Um7OMPE29v4v55DL1Jz_6208b586ba058_cvtpl.jpg
MALE,https://static.topcv.vn/avatars/Yz7ChZWc6M0Wj2HDZz6m_5f5219eb451ee_cvtpl.jpg
FEMALE,https://static.topcv.vn/avatars/bjHCMQZRwF87tDRmgn12_622a0c4749b81_cvtpl.jpg
FEMALE,https://static.topcv.vn/avatars/BKraGhpJXDev0em40vRn_6228de2c95269_cvtpl.jpg
MALE,https://static.topcv.vn/avatars/rvhhqpRtMfu4nntMvsLs_5eea8c1dd2f3a_cvtpl.jpg
MALE,https://static.topcv.vn/avatars/adXD9daeHFL5JO8rPeNB_61de681a6cfaa_cvtpl.jpg
MALE,https://static.topcv.vn/avatars/VumZ6qDYQvH6gKx1wyDj_623ae03fe7c12_cvtpl.jpg
FEMALE,https://static.topcv.vn/avatars/vy4uPH85pgZi8oCXzXaO_623a9fda190dc_cvtpl.jpg
FEMALE,https://static.topcv.vn/avatars/f0nrfn8Xp4Rx74pijTbe_5ecface45b13a_cvtpl.jpg
FEMALE,https://static.topcv.vn/avatars/MtaTqtnrMjRjbUt76L9X_623ae0ab90538_cvtpl.jpg
FEMALE,https://static.topcv.vn/avatars/JvOR9Br3Ql956ewOJL7R_623ad6f327a94_cvtpl.jpg
FEMALE,https://static.topcv.vn/avatars/0Ahc7soy8PuZ96qmJUy8_618399c6679bf_cvtpl.jpg
MALE,https://static.topcv.vn/avatars/Yz7ChZWc6M0Wj2HDZz6m_5f5219eb451ee_cvtpl.jpg
FEMALE,https://static.topcv.vn/avatars/sKJc0UPJEKjcY7n8SBNr_60884397f111e_cvtpl.jpg
FEMALE,https://static.topcv.vn/avatars/icYAWxA6cbt4XlYpmYfk_6238a0c93badd_cvtpl.jpg
FEMALE,https://static.topcv.vn/avatars/u0t31jGpJLa129upDPsx_605d98f890a11_cvtpl.jpg
FEMALE,https://static.topcv.vn/avatars/oL5ApfUzK3r6BH8CK1Ot_5ed095b059e7f_cvtpl.jpg
FEMALE,https://static.topcv.vn/avatars/QP1EQjXPRdnK0OWhLxy7_622a081be6353_cvtpl.jpg
FEMALE,https://static.topcv.vn/avatars/QPiP6Q1TvjByH6IxMzrs_62072fdbc78f3_cvtpl.jpg
MALE,https://static.topcv.vn/avatars/g4QuClpEfIWwYDeRuadN_6239973f9c0c8_cvtpl.jpg
MALE,https://static.topcv.vn/avatars/YdEAnhCIFROqIjNBtLep_62391146116ce_cvtpl.jpg
MALE,https://static.topcv.vn/avatars/3K2DFSWOotN5DfJ8wctz_622eeeb18d5c3_cvtpl.jpg
MALE,https://static.topcv.vn/avatars/0jCSUMFBwPvzDFKDp3lz_620e5a0d82f59_cvtpl.jpg
FEMALE,https://static.topcv.vn/avatars/zi3jBpK1cjzgMSfIfO8V_623ae05804556_cvtpl.jpg
FEMALE,https://static.topcv.vn/avatars/ZaBklqn49LRaEBsr9Jyq_621a40490b04c_cvtpl.jpg
FEMALE,https://static.topcv.vn/avatars/H6zXFBpsFCvnndCZ5qX9_623ae08941387_cvtpl.jpg
FEMALE,https://static.topcv.vn/avatars/yim8wal3ICouW55qGgqU_61ee30e3b6b87_cvtpl.jpg
MALE,https://static.topcv.vn/avatars/aNyfxr4JdZktdj9kndrm_5bd93840d2186_cvtpl.jpg
FEMALE,https://static.topcv.vn/avatars/3S568zRpFip81sqQGfJX_6221de5209864_cvtpl.jpg
FEMALE,https://static.topcv.vn/avatars/M0AbxU8bw87BwCDR2qVG_619d0c8030cf5_cvtpl.jpg
FEMALE,https://static.topcv.vn/avatars/kyBeG3BA26xrxGSCFbm1_62303ca9d0202_cvtpl.jpg
MALE,https://static.topcv.vn/avatars/u4oK73qrD3uQ4gnfLmVt_6230711980928_cvtpl.jpg
MALE,https://static.topcv.vn/avatars/q8Exap1YucMkWfgPPKIy_623acb71c1c16_cvtpl.jpg
FEMALE,https://static.topcv.vn/avatars/OpkxNBK6qszVzsv8uduu_6215c8c124439_cvtpl.jpg
FEMALE,https://static.topcv.vn/avatars/0MGBsZ1AwDwZOyunrbme_60f844cc2bbee_cvtpl.jpg
FEMALE,https://static.topcv.vn/avatars/E34vi7vZQaAQ1O6Craar_61dbe66dd335c_cvtpl.jpg
FEMALE,https://static.topcv.vn/avatars/ENlJVCKeVKtYC0oTgBKy_623ad78e5a244_cvtpl.jpg
FEMALE,https://static.topcv.vn/avatars/5yPbBuLJE7ylIhdEnIK6_623ae02bef87b_cvtpl.jpg
MALE,https://static.topcv.vn/avatars/emIDNy2OU2vlGDj7HhkM_61ffebab3c764_cvtpl.jpg
FEMALE,https://static.topcv.vn/avatars/PJJa0BpHwCRi9vm2fKdT_5f365ddf6c563_cvtpl.jpg
FEMALE,https://static.topcv.vn/avatars/GR6DCTuhd6UsJqYu4xSz_6196c5864f43c_cvtpl.jpg
MALE,https://static.topcv.vn/avatars/UHGzrneIZ2ddmNse03Su_623ae02c72319_cvtpl.jpg
MALE,https://static.topcv.vn/avatars/3YljiZHtPhGy2YDmLbt5_60828bfb9460c_cvtpl.jpg
FEMALE,https://static.topcv.vn/avatars/k29atLYC4ile6dfZHP75_623a97b793df6_cvtpl.jpg
MALE,https://static.topcv.vn/avatars/YAJE1RNuT3EuwJxzuaqU_611a879ddb50e_cvtpl.jpg
FEMALE,https://static.topcv.vn/avatars/qYEYFXeKwW2TcYaeOHuu_620f24303464d_cvtpl.jpg
MALE,https://static.topcv.vn/avatars/wac6SkJ80U4qas6mXvqr_60bc56fbd7000_cvtpl.jpg
MALE,https://static.topcv.vn/avatars/iphOd9LyqOui98X93y2Y_623adffdbaa28_cvtpl.jpg
FEMALE,https://static.topcv.vn/avatars/kkTfC0Ggxe6A5uLzxDcY_612f0c23bcea6_cvtpl.jpg
FEMALE,https://static.topcv.vn/avatars/WjYIdSrsVsaD0tRJEZiV_623ae01365438_cvtpl.jpg
FEMALE,https://static.topcv.vn/avatars/ivRreFE4WrAFs4zDhxBa_623ae00205209_cvtpl.jpg
FEMALE,https://static.topcv.vn/avatars/hh18U8jWaYbCazFNVsx4_62315fbca86be_cvtpl.jpg
MALE,https://static.topcv.vn/avatars/UnThYQPiWu4VYIljqnKE_6235c3aac96eb_cvtpl.jpg
MALE,https://static.topcv.vn/avatars/voYNz1jjsoPaLi8cnPtf_5eef0ea609307_cvtpl.jpg
FEMALE,https://static.topcv.vn/avatars/18duXt9zHBPldQiGPc0N_62173ae6c7407_cvtpl.jpg
MALE,https://static.topcv.vn/avatars/3BJvHtdxDUGdFHgheID3_623adcd0d21d6_cvtpl.jpg
FEMALE,https://static.topcv.vn/avatars/vwF7decnH8nj98YWseB8_62012f3976697_cvtpl.jpg
MALE,https://static.topcv.vn/avatars/AhtTfKpj8gVceQco0uJc_5dc0f452e8ccb_cvtpl.jpg
FEMALE,https://static.topcv.vn/avatars/rBPzpTZneNStgLX062zl_623adc36041a8_cvtpl.jpg
FEMALE,https://static.topcv.vn/avatars/WFnFoj5jUMfivAFCI6eU_623adfe5c19bb_cvtpl.jpg
FEMALE,https://static.topcv.vn/avatars/vqtCLqGnxIcqRqSzS0XG_5aeb5afd7445b_cvtpl.jpg
MALE,https://static.topcv.vn/avatars/fobx8k3qqbowDBfVo4hW_5aa9068b85ea4_cvtpl.jpg
MALE,https://static.topcv.vn/avatars/o1EvocrZ0LQY8s7lq5CE_6231ed75acb95_cvtpl.jpg
MALE,https://static.topcv.vn/avatars/tFwisCleEzquNxEoSUAf_5c68c725f10ec_cvtpl.jpg
FEMALE,https://static.topcv.vn/avatars/mNLyIj5TaYRajYsNo6iw_6201539e7a410_cvtpl.jpg
MALE,https://static.topcv.vn/avatars/Y4mhMV8xpo842hLXzKth_623ad6558f648_cvtpl.jpg
FEMALE,https://static.topcv.vn/avatars/Lw2HSjHUCOF0fMMjPcRg_623add4f1382f_cvtpl.jpg
MALE,https://static.topcv.vn/avatars/ZUYiMYFoZ63epFAmiTNM_623addae8e18d_cvtpl.jpg
FEMALE,https://static.topcv.vn/avatars/e38e91d5f8f65affbe7e5fd44c6162a2-623adbbad2edd.jpg
MALE,https://static.topcv.vn/avatars/hwPdr5QJlA9K5E083Y85_5d01c09a84513_cvtpl.jpg
FEMALE,https://static.topcv.vn/avatars/z5LdeWzis6blKp2loKUZ_6231a072ba2d3_cvtpl.jpg
FEMALE,https://static.topcv.vn/avatars/KtraNqQmQChWKsFENAEV_5f37960eb1c16_cvtpl.jpg
FEMALE,https://static.topcv.vn/avatars/QnsnfpT2pTFTmkvJ7uz3_60d2a915ea632_cvtpl.jpg
FEMALE,https://static.topcv.vn/avatars/7Jw6emDP5I0ZWwlrQIDK_623ad926a8c75_cvtpl.jpg
MALE,https://static.topcv.vn/avatars/UriuezkJ0MdCHL4RRj8k_621ee69c34de5_cvtpl.jpg
FEMALE,https://static.topcv.vn/avatars/Jm7Gkq5TivHTB2fQ5z4f_6236e9ee1e171_cvtpl.jpg
FEMALE,https://static.topcv.vn/avatars/d6177a614b44a283cf6f3da462b830d4-623add900277d.jpg
FEMALE,https://static.topcv.vn/avatars/bUGxxvT4or9aYDJ1knDv_5ef857e21d17b_cvtpl.jpg
FEMALE,https://static.topcv.vn/avatars/Z41dUwivNugfvT6KNeEO_623aca1da82c8_cvtpl.jpg
FEMALE,https://static.topcv.vn/avatars/hED6VAuC95mZDdCvx4p7_6221957fe1189_cvtpl.jpg
MALE,https://static.topcv.vn/avatars/held5aSpkPUr43OEJUhq_5ca22f340c921_cvtpl.jpg
FEMALE,https://static.topcv.vn/avatars/0dfdb3dbfb82d0d5f7d0683a1ec9732f-622ede3a8fd37.jpg
MALE,https://static.topcv.vn/avatars/pr8VFW04HQznZ1nrdNTY_623add72a7c37_cvtpl.jpg
FEMALE,https://static.topcv.vn/avatars/A2xAb6URWYGZbO8YmqDb_6234989e56cb0_cvtpl.jpg
FEMALE,https://static.topcv.vn/avatars/02Q0fUWA0OUAinuwsuyU_623adf8619e2b_cvtpl.jpg
FEMALE,https://static.topcv.vn/avatars/LwNChJqL6XMAvj9NwMSx_5eb3742cd8bdf_cvtpl.jpg
FEMALE,https://static.topcv.vn/avatars/H2WEjHHw7waDHk9HNA8Y_623ad302ac775_cvtpl.jpg
MALE,https://static.topcv.vn/avatars/3MfMw8pOFmYdgnWblAqL_5f0f29e5925c5_cvtpl.jpg
MALE,https://static.topcv.vn/avatars/e0u70T0YCSBcB73Jr4Bl_623a8c96b5a7b_cvtpl.jpg
MALE,https://static.topcv.vn/avatars/2MzbwTBnMVu8YaHxHgnI_620b3a48c2bc6_cvtpl.jpg
FEMALE,https://static.topcv.vn/avatars/pFCKE1WLnGzTWthHmwJD_5a9f949b1535e_cvtpl.jpg
FEMALE,https://static.topcv.vn/avatars/IM64tVDwu12xQheLBe1M_623adad5d81b9_cvtpl.jpg
FEMALE,https://static.topcv.vn/avatars/1s3OaEREZyUMEFZm0Nee_61d53dcaa3c80_cvtpl.jpg
MALE,https://static.topcv.vn/avatars/o1jJbXeoSKzwHGBNQQgG_623adf81ae8b8_cvtpl.jpg
MALE,https://static.topcv.vn/avatars/i5x5B8Vejmkc8ydimmk2_622b5374c6e80_cvtpl.jpg
FEMALE,https://static.topcv.vn/avatars/vqUON0YhSt3gRQQGEVkU_6205daa404f64_cvtpl.jpg
FEMALE,https://static.topcv.vn/avatars/CuNhphCVBJFWmxh7bPlZ_616e8250d6139_cvtpl.jpg
MALE,https://static.topcv.vn/avatars/EHdLQuBo1YhIkuU8F0t1_622c88628a0fb_cvtpl.jpg
FEMALE,https://static.topcv.vn/avatars/Jaw7WWsmMZiDtgJtKxAC_623ad875b9e17_cvtpl.jpg
FEMALE,https://static.topcv.vn/avatars/z5LdeWzis6blKp2loKUZ_6231a072ba2d3_cvtpl.jpg
FEMALE,https://static.topcv.vn/avatars/SqO3yaj0X3L96nsFKpNh_619dff3c7edfd_cvtpl.jpg
MALE,https://static.topcv.vn/avatars/n6CQINcp0aGUieKT9FNA_623adee0c0086_cvtpl.jpg
FEMALE,https://static.topcv.vn/avatars/xoYrxCqurZ156aQeYe1V_620cbca058aa1_cvtpl.jpg
FEMALE,https://static.topcv.vn/avatars/z7NfJlmpVMNPkHDVUhdB_613dc18710495_cvtpl.jpg
MALE,https://static.topcv.vn/avatars/C2OVy2JwmlPcEYGVEyS1_623adc3c18318_cvtpl.jpg
FEMALE,https://static.topcv.vn/avatars/BiIbJheb1VbpRr6N4ulW_5fd5d89b5eead_cvtpl.jpg
MALE,https://static.topcv.vn/avatars/xWABJiBARew4JWqiHpoA_623aafb2402b0_cvtpl.jpg
FEMALE,https://static.topcv.vn/avatars/uYaw8Xwo7ou7N5fX8AqF_623adec00a033_cvtpl.jpg
FEMALE,https://static.topcv.vn/avatars/8fsxXduX2VBUhl0dMNWK_623adecd5d45e_cvtpl.jpg
FEMALE,https://static.topcv.vn/avatars/rbVaFMTk6REr7T5mQwYW_623adf183713b_cvtpl.jpg
FEMALE,https://static.topcv.vn/avatars/SduCYan0bDnKGSTGDodJ_6239307e5fe77_cvtpl.jpg
FEMALE,https://static.topcv.vn/avatars/hdzr57aFcdLnUp4BunJa_618f850f9edfc_cvtpl.jpg
FEMALE,https://static.topcv.vn/avatars/L8gAiZdvlKCVaXIfsuNe_620e390657744_cvtpl.jpg
MALE,https://static.topcv.vn/avatars/mrldQYiMR1C4S0cBkkZa_5a3fed3bc6d96_cvtpl.jpg
MALE,https://static.topcv.vn/avatars/NzxHLfTurbAsyDXAPrPp_60d76796bd356_cvtpl.jpg
FEMALE,https://static.topcv.vn/avatars/nTrbFEzkOK4MJk3aOdnv_62342fa38c021_cvtpl.jpg
FEMALE,https://static.topcv.vn/avatars/mHwugPvN7h79LnTCFw2z_620082f989413_cvtpl.jpg
MALE,https://static.topcv.vn/avatars/21977bd5e51cb2e32fda0369e268ad6b-623add9e19627.jpg
FEMALE,https://static.topcv.vn/avatars/ckN9IiKfnC5mC4kV08JN_620b43416415f_cvtpl.jpg
FEMALE,https://static.topcv.vn/avatars/PcfPKpMlzNYUT7IR4qtB_6235c3ae85cbd_cvtpl.jpg
FEMALE,https://static.topcv.vn/avatars/BhvUdxfPHdeeHqpjMQhm_6137730d14a06_cvtpl.jpg
MALE,https://static.topcv.vn/avatars/FXYJAmRiE1bbLi99Maah_623aa7abc6bd9_cvtpl.jpg
MALE,https://static.topcv.vn/avatars/DZc0T58cL0rotLN63340_62061447aacee_cvtpl.jpg
MALE,https://static.topcv.vn/avatars/7I0TmfDKeh0buvEeoRSg_623adf0fee434_cvtpl.jpg
FEMALE,https://static.topcv.vn/avatars/WDQSyZqr0McTXcbjBOt2_6239ac3f69c22_cvtpl.jpg
MALE,https://static.topcv.vn/avatars/dSBI4D0EIJw58SSY1jSL_620a8762e32c5_cvtpl.jpg
MALE,https://static.topcv.vn/avatars/tFwisCleEzquNxEoSUAf_5c68c725f10ec_cvtpl.jpg
MALE,https://static.topcv.vn/avatars/xwSH80AmTROkQApWsaFW_61fff44713d34_cvtpl.jpg
MALE,https://static.topcv.vn/avatars/n6CQINcp0aGUieKT9FNA_623adee0c0086_cvtpl.jpg
FEMALE,https://static.topcv.vn/avatars/pLZSBjLQ4DtDXrffjqS0_606b177f44b72_cvtpl.jpg
FEMALE,https://static.topcv.vn/avatars/Kk5VN2srMRCsE0qgLLZY_5fc65c48b56b2_cvtpl.jpg
MALE,https://static.topcv.vn/avatars/RourP5XjRRzhfwNaZNHk_60eaf1f5b5290_cvtpl.jpg
FEMALE,https://static.topcv.vn/avatars/qRVeRgKZ1vjcwr3ROzjQ_623a8b4257dc2_cvtpl.jpg
FEMALE,https://static.topcv.vn/avatars/jQAk62X12e8LdQiE0d6e_62295e7638862_cvtpl.jpg
MALE,https://static.topcv.vn/avatars/1CbKUE1MhISau2NaERIJ_5ecdfa9a7c153_cvtpl.jpg
FEMALE,https://static.topcv.vn/avatars/XgI74jffZcAt3HB9BCsP_621c970c352a4_cvtpl.jpg
FEMALE,https://static.topcv.vn/avatars/BsNKmMDjRsfZkqTubiJf_622af62092411_cvtpl.jpg
FEMALE,https://static.topcv.vn/avatars/2VC0M0IQakeMxCoRDq1N_623815ff1c980_cvtpl.jpg
FEMALE,https://static.topcv.vn/avatars/eyImRJPof0osmf6g7mQf_5f8a7576d1cd4_cvtpl.jpg
FEMALE,https://static.topcv.vn/avatars/DbM9MFy6ymYk8404H033_620fbb0dc6d88_cvtpl.jpg
FEMALE,https://static.topcv.vn/avatars/9WrnPFURZ37ITRAd7d2o_5870872b406f0_cvtpl.jpg
FEMALE,https://static.topcv.vn/avatars/XgI74jffZcAt3HB9BCsP_621c970c352a4_cvtpl.jpg
FEMALE,https://static.topcv.vn/avatars/9WrnPFURZ37ITRAd7d2o_5870872b406f0_cvtpl.jpg
MALE,https://static.topcv.vn/avatars/oALLQQ0G7pZ6purFjnc2_6214efc05163b_cvtpl.jpg
FEMALE,https://static.topcv.vn/avatars/wn1KogwF1EqXpTkdt6Yc_6130a3c6d48a8_cvtpl.jpg
MALE,https://static.topcv.vn/avatars/AQZ75TZ7t3A8VqUIl10s_623add425465e_cvtpl.jpg
MALE,https://static.topcv.vn/avatars/kCvYgicfxEDnfQC1sdqA_6238be50b92c0_cvtpl.jpg
MALE,https://static.topcv.vn/avatars/tFwisCleEzquNxEoSUAf_5c68c725f10ec_cvtpl.jpg
FEMALE,https://static.topcv.vn/avatars/Xs9QAoVXK710J2Smxiyg_623a8976a09de_cvtpl.jpg
MALE,https://static.topcv.vn/avatars/4FmLgMt8TNM4vQLfGn6F_622ffeba0f7fc_cvtpl.jpg
MALE,https://static.topcv.vn/avatars/OMuqUF0o7VGaM9d48SbH_623a7391b3ef4_cvtpl.jpg
FEMALE,https://static.topcv.vn/avatars/XgI74jffZcAt3HB9BCsP_621c970c352a4_cvtpl.jpg
FEMALE,https://static.topcv.vn/avatars/4hxu4kSgW0OqOZzwKDZE_623aaf6af07f2_cvtpl.jpg
FEMALE,https://static.topcv.vn/avatars/hJmHzVcDaZryv1Jf2SVZ_6216fb3c5fe8e_cvtpl.jpg
MALE,https://static.topcv.vn/avatars/qFY0nEaHI6EkirK2OrR5_621066446cbd4_cvtpl.jpg
FEMALE,https://static.topcv.vn/avatars/S2PSTvS3DU97uxYP0BKe_60a8cda4066c1_cvtpl.jpg
FEMALE,https://static.topcv.vn/avatars/eKqVZXmlnvCAbCyuXYZh_601f4de604b12_cvtpl.jpg
FEMALE,https://static.topcv.vn/avatars/Ne5GZ1hKUTBaIze86aWA_623ade4faba6e_cvtpl.jpg
FEMALE,https://static.topcv.vn/avatars/BX0dVY8Psb4ugnOpJaJW_623ad8a30c3f6_cvtpl.jpg
FEMALE,https://static.topcv.vn/avatars/N52Y692OSoyvIxKOHqkG_623adaee5fdee_cvtpl.jpg
FEMALE,https://static.topcv.vn/avatars/wvobaV8hjKY612iS7ajN_5d45196e18f41_cvtpl.jpg
FEMALE,https://static.topcv.vn/avatars/glEymBLbRs72s8PTfZWz_623ad744536ff_cvtpl.jpg
FEMALE,https://static.topcv.vn/avatars/RtRMyNelpe07PnIV2oND_622c17e1ef30b_cvtpl.jpg
FEMALE,https://static.topcv.vn/avatars/nM40IujAUhfR4oOWagiH_623add9702ced_cvtpl.jpg
FEMALE,https://static.topcv.vn/avatars/mahKXM8Wj4NEXJgmJSA9_61c0993ea1c27_cvtpl.jpg
FEMALE,https://static.topcv.vn/avatars/cfcdf2a7292cf1498863317ccc3003a3-623addd59cc6f.jpg
FEMALE,https://static.topcv.vn/avatars/xsYM7yf6oobhne6KFfz4_611fc585de28f_cvtpl.jpg
FEMALE,https://static.topcv.vn/avatars/ABF0RlRcZMNMgKPbiWz8_623ad5b3c7859_cvtpl.jpg
FEMALE,https://static.topcv.vn/avatars/VMrjGgV7krMLoJ8ebGHq_620cc327cade7_cvtpl.jpg
FEMALE,https://static.topcv.vn/avatars/0Ahc7soy8PuZ96qmJUy8_618399c6679bf_cvtpl.jpg
FEMALE,https://static.topcv.vn/avatars/iiDoSUzJRNF5Nr2SYHwM_623addb2a9834_cvtpl.jpg
MALE,https://static.topcv.vn/avatars/2UcKPKVI1iKjerNSqXYO_6235acba948cf_cvtpl.jpg
FEMALE,https://static.topcv.vn/avatars/t7T4p29m3g4ahvHXg2XL_621e1164b364f_cvtpl.jpg
FEMALE,https://static.topcv.vn/avatars/o899WdcG4xU48BdfhApD_6239a09251b8d_cvtpl.jpg
FEMALE,https://static.topcv.vn/avatars/8wfH808XqYgyqi1Otp2C_60915de3f3072_cvtpl.jpg
FEMALE,https://static.topcv.vn/avatars/0EgksVCplYpuvgI0yKBy_5f755a04e5838_cvtpl.jpg
FEMALE,https://static.topcv.vn/avatars/2m8kv3bP6DdRyS3bvziI_622d8286998eb_cvtpl.jpg
MALE,https://static.topcv.vn/avatars/KEqrIhezKnZNZgNMIQC7_5beda3389401e_cvtpl.jpg
MALE,https://static.topcv.vn/avatars/q0x4IzGW1WKkvGqeQcFM_623a859820c6a_cvtpl.jpg
MALE,https://static.topcv.vn/avatars/RYDlLuB1k9wFC5XADgY7_5dd4151a5cffd_cvtpl.jpg
MALE,https://static.topcv.vn/avatars/JhHfTzdhCJIKzmzs0CyQ_5f719989b0d94_cvtpl.jpg
FEMALE,https://static.topcv.vn/avatars/3mnAsbuSSLohDDBQLa8g_62313c2714df4_cvtpl.jpg
FEMALE,https://static.topcv.vn/avatars/ZGnyRSnuckDLZbBAy5hU_623adb45830c5_cvtpl.jpg
FEMALE,https://static.topcv.vn/avatars/jsbTJBlt9aO7qB4dkxAX_623addff4f85c_cvtpl.jpg
FEMALE,https://static.topcv.vn/avatars/tSh1vYkK96hlzA45n8Oj_623add8441f87_cvtpl.jpg
FEMALE,https://static.topcv.vn/avatars/ZSQnV1vKbFZWEU2PcTXC_623ad7718faf4_cvtpl.jpg
FEMALE,https://static.topcv.vn/avatars/kmwun5YM7ID89fQ3Pzpx_621463ced3d53_cvtpl.jpg
FEMALE,https://static.topcv.vn/avatars/ZbRTiInGSvcJwsjgGz1j_618a74d59faee_cvtpl.jpg
FEMALE,https://static.topcv.vn/avatars/86GrpvxHN4PdXnYpuf9N_623adb8914fce_cvtpl.jpg
FEMALE,https://static.topcv.vn/avatars/UksFYWGefdvtTVyFX77W_5fc51308ca55d_cvtpl.jpg
MALE,https://static.topcv.vn/avatars/HDJ8SBld4YuLEtdK47Rb_623add320d554_cvtpl.jpg
FEMALE,https://static.topcv.vn/avatars/dRWlr9yrlHXKMj4Vol5G_621711315a0ff_cvtpl.jpg
MALE,https://static.topcv.vn/avatars/6E50dCC9mf1dCBrSpdfx_623a959074ec0_cvtpl.jpg
MALE,https://static.topcv.vn/avatars/LHOXhoWB4JAQTnAqFSTY_6006dec37cb6e_cvtpl.jpg
MALE,https://static.topcv.vn/avatars/lrknsS7DJa8bmzuTiRsk_62272ed0a539b_cvtpl.jpg
MALE,https://static.topcv.vn/avatars/D8o85njUbaSwpHkGzLb3_60019091da8ee_cvtpl.jpg
MALE,https://static.topcv.vn/avatars/PPFoT4lfwdf4oorhq6ni_623ab912c7432_cvtpl.jpg
MALE,https://static.topcv.vn/avatars/ewDq6JeVURauMMy5RbjF_623adc1077e29_cvtpl.jpg
MALE,https://static.topcv.vn/avatars/f026fce4dc5f25f7e02ae0a8d31b1b47-623addf354edd.jpg
FEMALE,https://static.topcv.vn/avatars/0VcSmFKmp7xxQdSA75oK_620c625f34b60_cvtpl.jpg
MALE,https://static.topcv.vn/avatars/GJU5JWeiT3bCzcrGVhs4_5eec70e36bd03_cvtpl.jpg
FEMALE,https://static.topcv.vn/avatars/TdtA7olkdLmMTZ8edGYp_6235c96b9e9b4_cvtpl.jpg
FEMALE,https://static.topcv.vn/avatars/Q7igpMXcmOJHL6PGxdWQ_6236ccd5258f8_cvtpl.jpg
FEMALE,https://static.topcv.vn/avatars/ThCjz5IQZJ4lFauDwKQj_623accbeae5d4_cvtpl.jpg
MALE,https://static.topcv.vn/avatars/EzNgfIDQKAZOYbuczJIi_623adc7b0d154_cvtpl.jpg
MALE,https://static.topcv.vn/avatars/1XCxxDZMe0gEAI0hLXGK_600a53732cad4_cvtpl.jpg
MALE,https://static.topcv.vn/avatars/seTuTRVoQYxbhy7pE9S9_623adc2ed4edd_cvtpl.jpg
MALE,https://static.topcv.vn/avatars/9c1de68e7f8622a757c4070e70d3da5a-623ad82a23d8d.jpg
FEMALE,https://static.topcv.vn/avatars/vNjdb3mNirqk0XTfkqyX_60124201f262f_cvtpl.jpg
MALE,https://static.topcv.vn/avatars/pAvMWHGzQ3uHIkQp4GSJ_623adc885422d_cvtpl.jpg
FEMALE,https://static.topcv.vn/avatars/zhqHqqc5atKbkdiIIRlj_60ebb4b676644_cvtpl.jpg
FEMALE,https://static.topcv.vn/avatars/0MGBsZ1AwDwZOyunrbme_60f844cc2bbee_cvtpl.jpg
FEMALE,https://static.topcv.vn/avatars/rtOSGTXYneAtKYKsVeTB_60516b6841f58_cvtpl.jpg
MALE,https://static.topcv.vn/avatars/dizV3GXmDnRxuEEgKLOM_62330f44a7269_cvtpl.jpg
FEMALE,https://static.topcv.vn/avatars/rtOSGTXYneAtKYKsVeTB_60516b6841f58_cvtpl.jpg
FEMALE,https://static.topcv.vn/avatars/Q7igpMXcmOJHL6PGxdWQ_6236ccd5258f8_cvtpl.jpg
FEMALE,https://static.topcv.vn/avatars/YdAMHz65B11CBAQ1xzxE_623aa770cf4a6_cvtpl.jpg
FEMALE,https://static.topcv.vn/avatars/sPkrEc8R152gZW7MzJZG_622b579479a50_cvtpl.jpg
MALE,https://static.topcv.vn/avatars/4FmLgMt8TNM4vQLfGn6F_622ffeba0f7fc_cvtpl.jpg
FEMALE,https://static.topcv.vn/avatars/fdwyZNzwxlulw4eiBjNY_6203a8ea4ce43_cvtpl.jpg
FEMALE,https://static.topcv.vn/avatars/1cf1fd8b650b782fd257decd89fe4dc2-623a9bc8bfffc.jpg
FEMALE,https://static.topcv.vn/avatars/qIlcFDoeI8MG89DNYyzc_62342e35ece2c_cvtpl.jpg
FEMALE,https://static.topcv.vn/avatars/h8rnw9D0918AXLrVyN1S_60858b2f94994_cvtpl.jpg
MALE,https://static.topcv.vn/avatars/mMyfgXSJpbwnfi0EZkPs_6155b164d4ec5_cvtpl.jpg
MALE,https://static.topcv.vn/avatars/6VOxvHOU9TUrj8RObYci_617626f989419_cvtpl.jpg
FEMALE,https://static.topcv.vn/avatars/H2FwP7tU2FD57sGakpDy_623aa37f5ef32_cvtpl.jpg
FEMALE,https://static.topcv.vn/avatars/qoXR8lSMdrXN4MeilB3P_623ada4519e7b_cvtpl.jpg
MALE,https://static.topcv.vn/avatars/f38c9c43e475c3c44327ec1bc39d734b-60717ca6df8f4.jpg
FEMALE,https://static.topcv.vn/avatars/JwzkRQ1eMP5EhYC4dgVz_623ad6b13bf35_cvtpl.jpg
MALE,https://static.topcv.vn/avatars/mvQ2zTVjUiJC7hjt95eM_6203dacd96518_cvtpl.jpg
FEMALE,https://static.topcv.vn/avatars/uLkJKnJxIIUnAu26LLqY_61cd26fb3e35b_cvtpl.jpg
FEMALE,https://static.topcv.vn/avatars/22X3R4EHdwL8uQsX9dlo_620dcb72ccf2c_cvtpl.jpg
MALE,https://static.topcv.vn/avatars/Vb5dJFC1RhY4UpUNyrWl_623ad39a6e9b1_cvtpl.jpg
FEMALE,https://static.topcv.vn/avatars/ts6r9A119Qpvdyf6xxhV_623add4e360e7_cvtpl.jpg
FEMALE,https://static.topcv.vn/avatars/e1CGLCnv7mL1sYmEaxGI_5b02545fc35d0_cvtpl.jpg
MALE,https://static.topcv.vn/avatars/D7fsSh1h4GqJlFUBRO9b_60124713cce83_cvtpl.jpg
FEMALE,https://static.topcv.vn/avatars/FWSckvrXnun35fdMOFua_623add45d7f66_cvtpl.jpg
FEMALE,https://static.topcv.vn/avatars/1Ss3g8PeMJl4yeOpsyMB_62282cae57760_cvtpl.jpg
FEMALE,https://static.topcv.vn/avatars/17VyCj9gaBY89uZkKQPs_62332f9f6287c_cvtpl.jpg
FEMALE,https://static.topcv.vn/avatars/vwF7decnH8nj98YWseB8_62012f3976697_cvtpl.jpg
MALE,https://static.topcv.vn/avatars/HjcsAuT2Sgk0qZAeNCtu_60d2135025f5a_cvtpl.jpg
FEMALE,https://static.topcv.vn/avatars/ap9upP4HmUKoFnt9FcLK_603e7b235b1e2_cvtpl.jpg
FEMALE,https://static.topcv.vn/avatars/PPCtaT43J1oolTNL6qFg_6239ee973a594_cvtpl.jpg
MALE,https://static.topcv.vn/avatars/W8kvcIUcdaBOadI4tHSt_5f9820d8ae6b4_cvtpl.jpg
FEMALE,https://static.topcv.vn/avatars/AD3LHaEnU6njr45B2CQF_6149583711063_cvtpl.jpg
MALE,https://static.topcv.vn/avatars/5ErZqYkEm8bmcGQ69Jbz_5fd61007cef3f_cvtpl.jpg
MALE,https://static.topcv.vn/avatars/D6CyD0cBnkjwYDCF5e7d_620c8da883c6c_cvtpl.jpg
MALE,https://static.topcv.vn/avatars/2qhpiyaj7ODyFN1cmaXr_623ad4d1be44a_cvtpl.jpg
MALE,https://static.topcv.vn/avatars/Qhbjxu23nJ0v2hzdTlj9_623ad4b9549a0_cvtpl.jpg
FEMALE,https://static.topcv.vn/avatars/ga2UplF3xpkoV3DWpPGW_622480c367268_cvtpl.jpg
FEMALE,https://static.topcv.vn/avatars/dXBWkZCiFSaATZypTg0f_622fef9766fb5_cvtpl.jpg
FEMALE,https://static.topcv.vn/avatars/TSbcJCldikYc7GK4ZlKp_60dc958ca459e_cvtpl.jpg
MALE,https://static.topcv.vn/avatars/aJQwU2TxDu0pt4JfO2ih_6223732b923eb_cvtpl.jpg
MALE,https://static.topcv.vn/avatars/JmXwQ0cOmS6UPSLe23YM_623ad28b55a19_cvtpl.jpg
MALE,https://static.topcv.vn/avatars/5lsb63b79zrGorEbf4dD_5f475548444cb_cvtpl.jpg
MALE,https://static.topcv.vn/avatars/Jyljtc0i5oduX88Y3kfi_58e63fca2c99d_cvtpl.jpg
MALE,https://static.topcv.vn/avatars/5lsb63b79zrGorEbf4dD_5f475548444cb_cvtpl.jpg
FEMALE,https://static.topcv.vn/avatars/SpROA1Fgdfp0QNphbvxW_5ed39656ca005_cvtpl.jpg
MALE,https://static.topcv.vn/avatars/Ecnk2Tt4CBhvyiR8kEqP_5f8db7f773cf1_cvtpl.jpg
FEMALE,https://static.topcv.vn/avatars/jEXhimTN5IR6WtP9vujw_5e4b632c34e8c_cvtpl.jpg
FEMALE,https://static.topcv.vn/avatars/zufBWaDeOTY4Yn2jUJnV_62382527a8279_cvtpl.jpg
FEMALE,https://static.topcv.vn/avatars/Z0fBPEhE0Zr8DokXOZQ0_5fe03bb091637_cvtpl.jpg
FEMALE,https://static.topcv.vn/avatars/mcvwYPZWtRrC8zF4AQNr_62394b4810c4a_cvtpl.jpg
MALE,https://static.topcv.vn/avatars/fP8lPgdg2y1Bm47wnl60_620bbae6afda5_cvtpl.jpg
MALE,https://static.topcv.vn/avatars/Ljax27PthHOvzyQQAxx7_6209d4a63c06e_cvtpl.jpg
FEMALE,https://static.topcv.vn/avatars/mXCcKhcOoyFJp60lvWrX_6235afad08a6f_cvtpl.jpg
MALE,https://static.topcv.vn/avatars/2PSyNBUeGVlGqBrDIYbJ_623ad98bb234f_cvtpl.jpg
MALE,https://static.topcv.vn/avatars/JZo9i9viboyNdj28cl2Z_623a9868bfbb0_cvtpl.jpg
MALE,https://static.topcv.vn/avatars/d7db5da151b4dd1c5ff96b80ad5a1901-623ad5c090975.jpg
FEMALE,https://static.topcv.vn/avatars/P61DcnPrHiw5J2WEAuoC_61c370641d8a6_cvtpl.jpg
FEMALE,https://static.topcv.vn/avatars/UpHOXpdA0ha9ySgPqO3N_62397a8709341_cvtpl.jpg
MALE,https://static.topcv.vn/avatars/1YqjlUtNDCaq4doaf1ui_607865abde489_cvtpl.jpg
FEMALE,https://static.topcv.vn/avatars/2GUXWmlg2u6sgY3iNzZy_5adab36fd6df4_cvtpl.jpg
FEMALE,https://static.topcv.vn/avatars/1i0GEC3YkSbAk3DbCWJx_6205f286c0ffd_cvtpl.jpg
FEMALE,https://static.topcv.vn/avatars/VCjHmzWfwNSu7DXTVG3P_620db92f01210_cvtpl.jpg
FEMALE,https://static.topcv.vn/avatars/F9Lxicjwt5KRrhzCuJJ8_623ad972059b5_cvtpl.jpg
FEMALE,https://static.topcv.vn/avatars/Ob4voxQXegFocsIO4jsn_618f4168831f2_cvtpl.jpg
FEMALE,https://static.topcv.vn/avatars/qhdUqsWFF0Hrk6AQl58a_622d44be04929_cvtpl.jpg
MALE,https://static.topcv.vn/avatars/J66DBiUjmMku46BpXS3V_605aba37ca5f8_cvtpl.jpg
FEMALE,https://static.topcv.vn/avatars/QyYZpOdvhIScuwYjNfDB_6239adc69575f_cvtpl.jpg
FEMALE,https://static.topcv.vn/avatars/JobxwtCPjyNZC0Tn45Qa_6232e6bb69f3a_cvtpl.jpg
FEMALE,https://static.topcv.vn/avatars/IZMkqWl1pgSkYsHzMV5b_620f197c6ddbc_cvtpl.jpg
FEMALE,https://static.topcv.vn/avatars/UpHOXpdA0ha9ySgPqO3N_62397a8709341_cvtpl.jpg
MALE,https://static.topcv.vn/avatars/ZysBWwRsTq1ors6dbpqp_60a1d022ad3ec_cvtpl.jpg
FEMALE,https://static.topcv.vn/avatars/Zkvtun4KmQ4wucmYyRcx_5cb2b15fb4e45_cvtpl.jpg
FEMALE,https://static.topcv.vn/avatars/Mz1N5uGdKB1XrvGc0GCq_612dfc4008522_cvtpl.jpg
FEMALE,https://static.topcv.vn/avatars/Q7JJlgRpMVJCEXIn854j_6217ac3bef213_cvtpl.jpg
FEMALE,https://static.topcv.vn/avatars/02oqqOZfumYXLlrlMDAW_60fb79ca5204e_cvtpl.jpg
FEMALE,https://static.topcv.vn/avatars/49ZfzfUwxjYEDBtWwFPw_6099f6a456e73_cvtpl.jpg
MALE,https://static.topcv.vn/avatars/sK0Foi4kEHRUH7XIDJBX_62382a65bcd77_cvtpl.jpg
MALE,https://static.topcv.vn/avatars/1B2OX1GKJBZDoCkkcrPS_62397ba6e7bb1_cvtpl.jpg
FEMALE,https://static.topcv.vn/avatars/6Q70Dmj0ZOFxY0N8FlrN_623ad126384d6_cvtpl.jpg
FEMALE,https://static.topcv.vn/avatars/rkWhLrM2yWTMgGwVXXDW_62383c2ae1f17_cvtpl.jpg
MALE,https://static.topcv.vn/avatars/8RBjb1Bxcjw7P941HhXI_5bceb6e114512_cvtpl.jpg
MALE,https://static.topcv.vn/avatars/tFwisCleEzquNxEoSUAf_5c68c725f10ec_cvtpl.jpg
FEMALE,https://static.topcv.vn/avatars/x7nvYXLXMsqYEHQAgDRD_623aa38fd7a09_cvtpl.jpg
FEMALE,https://static.topcv.vn/avatars/maAqKUqw7Bi7luOACqrk_623ada5db4288_cvtpl.jpg
FEMALE,https://static.topcv.vn/avatars/vcYy7wlrdCBJliqwjDEp_60410fb24183c_cvtpl.jpg
MALE,https://static.topcv.vn/avatars/GzzKegc11zN5xEDNho1V_61bb1940acf50_cvtpl.jpg
FEMALE,https://static.topcv.vn/avatars/Clvp93kYRUgg6YeNCqqE_623adbf7bf6bd_cvtpl.jpg
MALE,https://static.topcv.vn/avatars/jERwyT4Iy0IFS7XYvZZY_623a9d58d1c04_cvtpl.jpg
MALE,https://static.topcv.vn/avatars/aTqSupIxJ7ygk6OqzufQ_5dc5175652b59_cvtpl.jpg
MALE,https://static.topcv.vn/avatars/QCjX7k3HzYA7T7gKjynO_623a7a5e11770_cvtpl.jpg
FEMALE,https://static.topcv.vn/avatars/g3LhguzLL2wrNZFclBhX_60c5a16e779fa_cvtpl.jpg
FEMALE,https://static.topcv.vn/avatars/uLkJKnJxIIUnAu26LLqY_61cd26fb3e35b_cvtpl.jpg
FEMALE,https://static.topcv.vn/avatars/03df9d39e6725dd2ed1ee635610436e7-623adc2b8246a.jpg
FEMALE,https://static.topcv.vn/avatars/uW0hUOokOrysBHjK6p8L_623ad860d5ae9_cvtpl.jpg
FEMALE,https://static.topcv.vn/avatars/KzmGLuARqEAC3VBgoiNd_62315e0c0625c_cvtpl.jpg
FEMALE,https://static.topcv.vn/avatars/2b44ca698304b3cd29eecc850e55e6e5-623a998b058be.jpg
FEMALE,https://static.topcv.vn/avatars/PDQXtDtgEFxnlycGhL54_623adc0df1b78_cvtpl.jpg
MALE,https://static.topcv.vn/avatars/HdoZ2UIJKBSgYx4Ma7NB_623ad0cb7b8ef_cvtpl.jpg
FEMALE,https://static.topcv.vn/avatars/hQpvWWZKaoEuFmJFJ7UI_6237fe281e401_cvtpl.jpg
FEMALE,https://static.topcv.vn/avatars/Hmw2bpohpRtJC2v9PQEV_6239e8e26229e_cvtpl.jpg
FEMALE,https://static.topcv.vn/avatars/b7SlHGHzlUWCXTieUrbJ_6237575f58f03_cvtpl.jpg
FEMALE,https://static.topcv.vn/avatars/bm6W1gBXgXZt3JbYO2sp_623ad8050e6fc_cvtpl.jpg
FEMALE,https://static.topcv.vn/avatars/2kzHxGWIRHvFFBWUfSkT_60deeb12245d0_cvtpl.jpg
FEMALE,https://static.topcv.vn/avatars/UpHOXpdA0ha9ySgPqO3N_62397a8709341_cvtpl.jpg
MALE,https://static.topcv.vn/avatars/IucPdQEdq53GHhix3Efz_6132c8c0754a6_cvtpl.jpg
FEMALE,https://static.topcv.vn/avatars/DEw8X4NtlMrpU1WezVaN_621f6df44eaf0_cvtpl.jpg
MALE,https://static.topcv.vn/avatars/52jry2DV2S5MqQMCZlBp_617615ea62326_cvtpl.jpg
FEMALE,https://static.topcv.vn/avatars/gPs7OR1dERZbQqVK3boY_6232eaf32f842_cvtpl.jpg
FEMALE,https://static.topcv.vn/avatars/snhBSxxpwlLqphymXZEc_60e29a9d7a5f1_cvtpl.jpg
FEMALE,https://static.topcv.vn/avatars/xnu9sZiap8RqhExWbzon_5f0973ae33225_cvtpl.jpg
MALE,https://static.topcv.vn/avatars/EBznN3hRDcg1yFjFSB48_623022c0d0dca_cvtpl.jpg
FEMALE,https://static.topcv.vn/avatars/4d3475154ed9888f75b7064f1ccd524d-623ac9b6c0a6d.jpg
FEMALE,https://static.topcv.vn/avatars/ERXw0A3vgGUdhUQwonNA_623ad7ad7f3c7_cvtpl.jpg
FEMALE,https://static.topcv.vn/avatars/NCeOelUkrJ9Z569VSGW8_62334eb6a3047_cvtpl.jpg
MALE,https://static.topcv.vn/avatars/ira433jRma79WKMSLGFz_620232b517c31_cvtpl.jpg
FEMALE,https://static.topcv.vn/avatars/Tp7xZ8ncr3HEEn8jI3oi_623abcffedee5_cvtpl.jpg
MALE,https://static.topcv.vn/avatars/w3pRfZ1sECiZH6w8mQz2_61726c1e61bce_cvtpl.jpg
MALE,https://static.topcv.vn/avatars/jSfLgcdtKGpTUenUqj4Q_5c6c37f4348bc_cvtpl.jpg
FEMALE,https://static.topcv.vn/avatars/Oa3TJg1Lpw2lZE9XQtMJ_622f04dadb16d_cvtpl.jpg
FEMALE,https://static.topcv.vn/avatars/Gsu8VBaY7BYq0JLx7Wg6_623adaba69ec9_cvtpl.jpg
MALE,https://static.topcv.vn/avatars/2vMq2cgbgOWiGtQwTSt3_623ad848b46c2_cvtpl.jpg
FEMALE,https://static.topcv.vn/avatars/DzJYdccRDHMUOZnJH9bJ_61ff1f3c60a78_cvtpl.jpg
FEMALE,https://static.topcv.vn/avatars/5B5lFe3xcKGzODu9fYNT_6169477100762_cvtpl.jpg
MALE,https://static.topcv.vn/avatars/x5J3gGZldg0zEP6ycSlu_61c998917561f_cvtpl.jpg
FEMALE,https://static.topcv.vn/avatars/xbhfc4Y5sISnjzUIUv8f_6222f9755e0a0_cvtpl.jpg
MALE,https://static.topcv.vn/avatars/6c26mgKBoljklzsH6bu7_6149cfd964cce_cvtpl.jpg
FEMALE,https://static.topcv.vn/avatars/REDhI9nmtmcMvynKfLIL_5f2a30e1add0a_cvtpl.jpg
MALE,https://static.topcv.vn/avatars/5zotLKXJpqI4z8FXi44D_623ada6fb1d0a_cvtpl.jpg
FEMALE,https://static.topcv.vn/avatars/hV7hzlLZeEuvUIaNF1as_60634d61a43f6_cvtpl.jpg
MALE,https://static.topcv.vn/avatars/yYCfhOpnorSbhHpUqGl8_617a2dc8446f8_cvtpl.jpg
MALE,https://static.topcv.vn/avatars/q1ZWMiS8ZM4AKdcAy9ZM_623a910086e91_cvtpl.jpg
MALE,https://static.topcv.vn/avatars/q1ZWMiS8ZM4AKdcAy9ZM_623a910086e91_cvtpl.jpg
FEMALE,https://static.topcv.vn/avatars/yyA2GxyqNzdVd7QaF11t_5ff134122feef_cvtpl.jpg
FEMALE,https://static.topcv.vn/avatars/opf5C2GB5QXEUrD2KFWv_6062f2be7ecc9_cvtpl.jpg
MALE,https://static.topcv.vn/avatars/nOvULWUWaYeG7vNvlkWF_61c8140d87f4c_cvtpl.jpg
FEMALE,https://static.topcv.vn/avatars/F1JvgCf7MRtroAdvBGrq_623ad98a342af_cvtpl.jpg
MALE,https://static.topcv.vn/avatars/lM7BW0gAp1DX93kqo14B_623ada0ad7c78_cvtpl.jpg
FEMALE,https://static.topcv.vn/avatars/CtKtyCqtFRXYY29MJ10p_5ff3ec8bc3c67_cvtpl.jpg
MALE,https://static.topcv.vn/avatars/UNrWDrlPkdIhVKWe0n4P_623a9c19f2dc0_cvtpl.jpg
MALE,https://static.topcv.vn/avatars/iKcoZM1mzI3z2UpcwhWK_5ff6cd6e49969_cvtpl.jpg
FEMALE,https://static.topcv.vn/avatars/EjJZW8VqUPqUpuS2gH5k_623ad6f8469aa_cvtpl.jpg
MALE,https://static.topcv.vn/avatars/Tp0sHkT3nQFWFY6nYexO_6239c18f68df4_cvtpl.jpg
MALE,https://static.topcv.vn/avatars/NIBisEOfvbdiX7ozXaxD_623adab8907cb_cvtpl.jpg
MALE,https://static.topcv.vn/avatars/Wv2EtsysTw2S0RbgRKPW_61c3757e4ea1b_cvtpl.jpg
MALE,https://static.topcv.vn/avatars/2Sc1wDpDBpXhndkJ2lKO_61e9228abef26_cvtpl.jpg
FEMALE,https://static.topcv.vn/avatars/BpUkUfySwp5oEeadEpA0_5f61d5c688d79_cvtpl.jpg
FEMALE,https://static.topcv.vn/avatars/4ZURbk79bZU6yOU8owQg_621d77f13a2e0_cvtpl.jpg
FEMALE,https://static.topcv.vn/avatars/Qs8Y39Vdz8vCPELjig2k_62355541cb0c1_cvtpl.jpg
MALE,https://static.topcv.vn/avatars/5shRegG1PGsD6D21mlkM_6230156ee74ce_cvtpl.jpg
MALE,https://static.topcv.vn/avatars/WauwPegv2IIyOzNFwWyo_623adb379b2db_cvtpl.jpg
MALE,https://static.topcv.vn/avatars/gnnDe6PPIAvQIArWxCz4_623acfc3397b9_cvtpl.jpg
MALE,https://static.topcv.vn/avatars/4ClgsczbuHVWboO2Sf8u_5f6172a2933ee_cvtpl.jpg
FEMALE,https://static.topcv.vn/avatars/pUUCFBqpVm4tYZyQKzyN_623a93f382da6_cvtpl.jpg
FEMALE,https://static.topcv.vn/avatars/Vg8w2a9pKaK6ESOU8d6k_6225ccd5b3ae4_cvtpl.jpg
FEMALE,https://static.topcv.vn/avatars/eGQcjy64d9mRsrbaEk1I_62397d0b99cd4_cvtpl.jpg
MALE,https://static.topcv.vn/avatars/1dtH6LJdGsf3qzlAEDQG_623acf9ad7ca7_cvtpl.jpg
FEMALE,https://static.topcv.vn/avatars/mUVsOkZVyDQp3q1Yr8Hc_623ada99ba144_cvtpl.jpg
FEMALE,https://static.topcv.vn/avatars/v0ogeVAjOPNd0RyJbmYo_623316cdcb5d6_cvtpl.jpg
MALE,https://static.topcv.vn/avatars/zf4rjvG3jurTI2ND4jjn_6207318f620d0_cvtpl.jpg
FEMALE,https://static.topcv.vn/avatars/NlYJMXdogVkzGPHP1k2V_6088e053243fe_cvtpl.jpg
FEMALE,https://static.topcv.vn/avatars/7JMb1GTmCfEdqYJoRqzb_61629eb7771a9_cvtpl.jpg
MALE,https://static.topcv.vn/avatars/tkTRN383wvDHP2mB2wKf_623adab23ab7b_cvtpl.jpg
FEMALE,https://static.topcv.vn/avatars/o3sN5r3DxXENSGS5nwv8_61c030807b6f3_cvtpl.jpg
FEMALE,https://static.topcv.vn/avatars/myp9HIHxSqFuOpbNd3mB_62393d38c0857_cvtpl.jpg
MALE,https://static.topcv.vn/avatars/s3k88A92GyvtchGGAFGc_62380e0799edf_cvtpl.jpg
FEMALE,https://static.topcv.vn/avatars/eW1WHZlXnqkiPrkgux9i_623acc2731edf_cvtpl.jpg
FEMALE,https://static.topcv.vn/avatars/ql1rWAGbB76pPyHXfQWH_61d28a21b22da_cvtpl.jpg
FEMALE,https://static.topcv.vn/avatars/fAcLdqFcF7Nnn1VqJBAE_61ea403ac1aa5_cvtpl.jpg
FEMALE,https://static.topcv.vn/avatars/VBDpEPJwKW9FeEisB3gJ_623ad18f83d80_cvtpl.jpg
FEMALE,https://static.topcv.vn/avatars/BPFWsUcZDtMR3jaEe3es_623ad885c63ed_cvtpl.jpg
MALE,https://static.topcv.vn/avatars/wb11gH95tv5y9bu6YE9h_601ffa114d29d_cvtpl.jpg
MALE,https://static.topcv.vn/avatars/QNaiuMxWrPE5Uw6tK6Sc_623ad13d0f947_cvtpl.jpg
FEMALE,https://static.topcv.vn/avatars/J0HmRjtUeyNYYXKg3z8T_606436560065d_cvtpl.jpg
MALE,https://static.topcv.vn/avatars/ITsH4AiqQ1TlS5GUeOGp_62399aeb8ed3d_cvtpl.jpg
FEMALE,https://static.topcv.vn/avatars/S8BlzSN6dKILTYncpeia_623ad71775250_cvtpl.jpg
MALE,https://static.topcv.vn/avatars/wJnXdD7kGptMShkqSqV0_611168f4374d4_cvtpl.jpg
FEMALE,https://static.topcv.vn/avatars/N34Ter8lIISEj7lW42Yv_623ac9ef1ccf7_cvtpl.jpg
MALE,https://static.topcv.vn/avatars/ID93p1Z4htsBnjRqz1sF_6189ef46b2dd8_cvtpl.jpg
MALE,https://static.topcv.vn/avatars/x1L9VI45TIRtfWCWbYOV_6221e0f46687d_cvtpl.jpg
MALE,https://static.topcv.vn/avatars/UyOc8JzjrDqtj0FFkMQC_623ada97d495d_cvtpl.jpg
MALE,https://static.topcv.vn/avatars/F6GWEvQZ7HO6hq2CebQt_623ada9be0b64_cvtpl.jpg
FEMALE,https://static.topcv.vn/avatars/4XPtcyOb3J4NWG931MBT_623adaa15bc05_cvtpl.jpg
MALE,https://static.topcv.vn/avatars/gaaTH9j3sTZ7TdYTMvkZ_5cd16200559fd_cvtpl.jpg
FEMALE,https://static.topcv.vn/avatars/DTIHzwoFm8RF6r1zmuP8_623ada982dda0_cvtpl.jpg
MALE,https://static.topcv.vn/avatars/SPSt8MMxQgWLFBrjF7Cr_6232e75a45e51_cvtpl.jpg
MALE,https://static.topcv.vn/avatars/M2bpXo6qSJyKR8fq30EK_60102f1c7c1fb_cvtpl.jpg
FEMALE,https://static.topcv.vn/avatars/w7BJsZ5v9uAqjeloE0VQ_620387c27cbd9_cvtpl.jpg
FEMALE,https://static.topcv.vn/avatars/ni44P2aYzqrT8HTlTcTy_623ad84c9ccae_cvtpl.jpg
FEMALE,https://static.topcv.vn/avatars/dbIAwFHbCrTSC0ia0cQt_620b65784b0cb_cvtpl.jpg
FEMALE,https://static.topcv.vn/avatars/WssdxBJA3A60EPep0Iyf_623ada42e5453_cvtpl.jpg
FEMALE,https://static.topcv.vn/avatars/bGT7rib3Inl9yr3wMExr_5cd7bf7c85a30_cvtpl.jpg
FEMALE,https://static.topcv.vn/avatars/zdOzu6enKkCICYqZhADW_60a36cfcd5e16_cvtpl.jpg
FEMALE,https://static.topcv.vn/avatars/HrIa2J3j8fKgNrVDfoyv_5d5b310116fb2_cvtpl.jpg
MALE,https://static.topcv.vn/avatars/Llp4Q4MgLs8Uw2dLHhsK_622d90187062c_cvtpl.jpg
MALE,https://static.topcv.vn/avatars/U44tY9xrcZsvu9lcLLE5_605aedd1a6b83_cvtpl.jpg
MALE,https://static.topcv.vn/avatars/af5b7dda69ba77be41bd3d3317a24d9e-623ad91eea6a9.jpg
MALE,https://static.topcv.vn/avatars/AkWzMe7XOedoWahiKOAy_623ad5467e591_cvtpl.jpg
FEMALE,https://static.topcv.vn/avatars/SYye9AhXYnQ0FPfTtbGr_623ada2571543_cvtpl.jpg
FEMALE,https://static.topcv.vn/avatars/zxp0H31tsNbBOrdImHEl_623ad8026a37b_cvtpl.jpg
FEMALE,https://static.topcv.vn/avatars/2XTAH3ZPStp1ZGJRaIPP_623ada55c3df1_cvtpl.jpg
MALE,https://static.topcv.vn/avatars/BjjRFRAcIryiE9g1TcEe_616029489afba_cvtpl.jpg
MALE,https://static.topcv.vn/avatars/WI3cj4QrkG0br3jl9hyB_6139c783de26f_cvtpl.jpg
FEMALE,https://static.topcv.vn/avatars/wOX1lDVQuEeLVFTUPNYQ_5facb2a915511_cvtpl.jpg
FEMALE,https://static.topcv.vn/avatars/PcP7qghSXAXyCwKcBDjw_620e4a952c529_cvtpl.jpg
MALE,https://static.topcv.vn/avatars/GK5SVZNHz4XQZyTAFwQ6_61a6465e5ec6c_cvtpl.jpg
FEMALE,https://static.topcv.vn/avatars/CDAVAAFxCMFUUOOv88fx_620b0f9627e7c_cvtpl.jpg
MALE,https://static.topcv.vn/avatars/GK5SVZNHz4XQZyTAFwQ6_61a6465e5ec6c_cvtpl.jpg
MALE,https://static.topcv.vn/avatars/SH4ELCwBUcC4oXqRKXVK_623ad9140dcc4_cvtpl.jpg
MALE,https://static.topcv.vn/avatars/dllkMdBSoIBODZFizNQA_61a8d12663aaa_cvtpl.jpg
MALE,https://static.topcv.vn/avatars/ssqNkKMttaAd4lWCggXn_5f79e5010faae_cvtpl.jpg
MALE,https://static.topcv.vn/avatars/Pg37jqL7xe78ZUobA7vo_5eeedefcac67e_cvtpl.jpg
MALE,https://static.topcv.vn/avatars/mNDSiaDgWczvZKzWA8EQ_61e2d2c82baed_cvtpl.jpg
MALE,https://static.topcv.vn/avatars/ID93p1Z4htsBnjRqz1sF_6189ef46b2dd8_cvtpl.jpg
MALE,https://static.topcv.vn/avatars/DtdjGmUZNwQQtlwl7dQK_620cb78c606ac_cvtpl.jpg
MALE,https://static.topcv.vn/avatars/Ch5CKW0d5cbw41ednaJx_60784309a74ef_cvtpl.jpg
MALE,https://static.topcv.vn/avatars/KrPvzV4a9PkJNiM1bq1Z_623ada2e896af_cvtpl.jpg
MALE,https://static.topcv.vn/avatars/C7lhWvhE4GnwcCHP4tJ5_623ad9e98f050_cvtpl.jpg
MALE,https://static.topcv.vn/avatars/TPTs5GNn24rn7IdUr7su_59daeb285f8bb_cvtpl.jpg
MALE,https://static.topcv.vn/avatars/Hrihst1VRKXbmJpFHm4w_6111334db1382_cvtpl.jpg
FEMALE,https://static.topcv.vn/avatars/MqGIq4MGuIRedrFXpOYa_5f549f1e1fc25_cvtpl.jpg
FEMALE,https://static.topcv.vn/avatars/LOI6wuBlnRQPhMTPEgX1_623ad9e6b95ea_cvtpl.jpg
MALE,https://static.topcv.vn/avatars/PL74H9cwUj4UejDrpqFk_60ffc36e781d0_cvtpl.jpg
FEMALE,https://static.topcv.vn/avatars/fgkkVYfn13qZT1zqLDi4_62392cf48da19_cvtpl.jpg
MALE,https://static.topcv.vn/avatars/NrHNvehvpGqAssFZH2Eu_6076f171822fa_cvtpl.jpg
FEMALE,https://static.topcv.vn/avatars/vv0RczFSRfapzFoiWrWw_622ac4692c9fc_cvtpl.jpg
FEMALE,https://static.topcv.vn/avatars/pbr9MayglBmoEqhRbh7P_623ad726a04b7_cvtpl.jpg
FEMALE,https://static.topcv.vn/avatars/3OeetAHQam3cUM2wbpxS_623ad5d002df3_cvtpl.jpg
MALE,https://static.topcv.vn/avatars/1eXbDBfsHdNutsIsRvtv_623ad9cd1fd4b_cvtpl.jpg
FEMALE,https://static.topcv.vn/avatars/7kObF5CnyQn4I0mw4z2J_623accd4825bf_cvtpl.jpg
FEMALE,https://static.topcv.vn/avatars/pBmrvOhIIrqEeLdGBm8R_5f1fbc8e3d773_cvtpl.jpg
